-- 테스트 계정
-- TODO: 테스트용 계정이지만 비밀번호가 노출된 데이터를 세팅해놔서 개선해야함
INSERT INTO user_account(user_id, user_password, email, nickname, memo, created_at, created_by, modified_at, modified_by)
VALUES('LMH', '{noop}123qwe!', 'lmh@mail.com', 'NickLMH', 'Memo LMH', now(), 'LMH', now(), 'LMH');

INSERT INTO user_account(user_id, user_password, email, nickname, memo, created_at, created_by, modified_at, modified_by)
VALUES('lmh0237', '{noop}1234qwer', 'lmh0237@mail.com', 'lmh0237', 'Memo lmh0237', now(), 'lmh0237', now(), 'LMH');

-- 임의의 게시글 (123개)
insert into Article (user_id, title, content, hashtag, created_at, created_by, modified_at, modified_by) values ('LMH', 'Nulla mollis molestie lorem.', 'Quisque porta volutpat erat. Quisque erat eros, viverra eget, congue eget, semper rutrum, nulla. Nunc purus.

Phasellus in felis. Donec semper sapien a libero. Nam dui.

Proin leo odio, porttitor id, consequat in, consequat ut, nulla. Sed accumsan felis. Ut at dolor quis odio consequat varius.', '#Fuscia', '2022-09-21', 'Fleurette', '2022-07-08', 'Rivy');
insert into Article (user_id, title, content, hashtag, created_at, created_by, modified_at, modified_by) values ('LMH', 'Morbi vel lectus in quam fringilla rhoncus.', 'Nulla ut erat id mauris vulputate elementum. Nullam varius. Nulla facilisi.', null, '2023-01-23', 'Reynard', '2022-09-10', 'Wandis');
insert into Article (user_id, title, content, hashtag, created_at, created_by, modified_at, modified_by) values ('LMH', 'Donec semper sapien a libero.', 'Pellentesque at nulla. Suspendisse potenti. Cras in purus eu magna vulputate luctus.

Cum sociis natoque penatibus et magnis dis parturient montes, nascetur ridiculus mus. Vivamus vestibulum sagittis sapien. Cum sociis natoque penatibus et magnis dis parturient montes, nascetur ridiculus mus.

Etiam vel augue. Vestibulum rutrum rutrum neque. Aenean auctor gravida sem.', '#Fuscia', '2022-03-09', 'Rutger', '2022-02-26', 'Bronny');
insert into Article (user_id, title, content, hashtag, created_at, created_by, modified_at, modified_by) values ('LMH', 'Vestibulum sed magna at nunc commodo placerat.', 'Cras mi pede, malesuada in, imperdiet et, commodo vulputate, justo. In blandit ultrices enim. Lorem ipsum dolor sit amet, consectetuer adipiscing elit.

Proin interdum mauris non ligula pellentesque ultrices. Phasellus id sapien in sapien iaculis congue. Vivamus metus arcu, adipiscing molestie, hendrerit at, vulputate vitae, nisl.

Aenean lectus. Pellentesque eget nunc. Donec quis orci eget orci vehicula condimentum.', null, '2022-02-22', 'Noach', '2022-03-25', 'Boothe');
insert into Article (user_id, title, content, hashtag, created_at, created_by, modified_at, modified_by) values ('LMH', 'Etiam faucibus cursus urna.', 'In hac habitasse platea dictumst. Etiam faucibus cursus urna. Ut tellus.

Nulla ut erat id mauris vulputate elementum. Nullam varius. Nulla facilisi.

Cras non velit nec nisi vulputate nonummy. Maecenas tincidunt lacus at velit. Vivamus vel nulla eget eros elementum pellentesque.', '#Green', '2022-12-06', 'Barbaraanne', '2022-09-12', 'Gussie');
insert into Article (user_id, title, content, hashtag, created_at, created_by, modified_at, modified_by) values ('LMH', 'Vivamus tortor.', 'In hac habitasse platea dictumst. Etiam faucibus cursus urna. Ut tellus.

Nulla ut erat id mauris vulputate elementum. Nullam varius. Nulla facilisi.', '#Puce', '2022-05-11', 'Romain', '2022-09-29', 'Levin');
insert into Article (user_id, title, content, hashtag, created_at, created_by, modified_at, modified_by) values ('LMH', 'Vestibulum quam sapien, varius ut, blandit non, interdum in, ante.', 'Aliquam quis turpis eget elit sodales scelerisque. Mauris sit amet eros. Suspendisse accumsan tortor quis turpis.', '#Violet', '2023-02-01', 'Charleen', '2023-02-06', 'Waylen');
insert into Article (user_id, title, content, hashtag, created_at, created_by, modified_at, modified_by) values ('LMH', 'Cras in purus eu magna vulputate luctus.', 'Duis bibendum. Morbi non quam nec dui luctus rutrum. Nulla tellus.', '#Orange', '2022-07-26', 'Lira', '2022-09-15', 'Nickolaus');
insert into Article (user_id, title, content, hashtag, created_at, created_by, modified_at, modified_by) values ('LMH', 'Etiam vel augue.', 'Morbi non lectus. Aliquam sit amet diam in magna bibendum imperdiet. Nullam orci pede, venenatis non, sodales sed, tincidunt eu, felis.

Fusce posuere felis sed lacus. Morbi sem mauris, laoreet ut, rhoncus aliquet, pulvinar sed, nisl. Nunc rhoncus dui vel sem.

Sed sagittis. Nam congue, risus semper porta volutpat, quam pede lobortis ligula, sit amet eleifend pede libero quis orci. Nullam molestie nibh in lectus.', '#Turquoise', '2022-10-24', 'Corilla', '2023-01-07', 'Sena');
insert into Article (user_id, title, content, hashtag, created_at, created_by, modified_at, modified_by) values ('LMH', 'Donec ut dolor.', 'Lorem ipsum dolor sit amet, consectetuer adipiscing elit. Proin risus. Praesent lectus.

Vestibulum quam sapien, varius ut, blandit non, interdum in, ante. Vestibulum ante ipsum primis in faucibus orci luctus et ultrices posuere cubilia Curae; Duis faucibus accumsan odio. Curabitur convallis.

Duis consequat dui nec nisi volutpat eleifend. Donec ut dolor. Morbi vel lectus in quam fringilla rhoncus.', '#Pink', '2022-08-28', 'Aharon', '2022-09-16', 'Davie');
insert into Article (user_id, title, content, hashtag, created_at, created_by, modified_at, modified_by) values ('LMH', 'Nulla tempus.', 'In hac habitasse platea dictumst. Etiam faucibus cursus urna. Ut tellus.

Nulla ut erat id mauris vulputate elementum. Nullam varius. Nulla facilisi.

Cras non velit nec nisi vulputate nonummy. Maecenas tincidunt lacus at velit. Vivamus vel nulla eget eros elementum pellentesque.', null, '2022-07-11', 'Errick', '2022-10-11', 'Vicky');
insert into Article (user_id, title, content, hashtag, created_at, created_by, modified_at, modified_by) values ('LMH', 'Proin at turpis a pede posuere nonummy.', 'Integer ac leo. Pellentesque ultrices mattis odio. Donec vitae nisi.

Nam ultrices, libero non mattis pulvinar, nulla pede ullamcorper augue, a suscipit nulla elit ac nulla. Sed vel enim sit amet nunc viverra dapibus. Nulla suscipit ligula in lacus.

Curabitur at ipsum ac tellus semper interdum. Mauris ullamcorper purus sit amet nulla. Quisque arcu libero, rutrum ac, lobortis vel, dapibus at, diam.', '#Teal', '2022-11-27', 'Royal', '2022-03-17', 'Cynthea');
insert into Article (user_id, title, content, hashtag, created_at, created_by, modified_at, modified_by) values ('LMH', 'Curabitur gravida nisi at nibh.', 'Duis consequat dui nec nisi volutpat eleifend. Donec ut dolor. Morbi vel lectus in quam fringilla rhoncus.', '#Green', '2022-10-22', 'Lotti', '2022-05-01', 'Barr');
insert into Article (user_id, title, content, hashtag, created_at, created_by, modified_at, modified_by) values ('LMH', 'Vestibulum ante ipsum primis in faucibus orci luctus et ultrices posuere cubilia Curae; Donec pharetra, magna vestibulum aliquet ultrices, erat tortor sollicitudin mi, sit amet lobortis sapien sapien non mi.', 'Quisque porta volutpat erat. Quisque erat eros, viverra eget, congue eget, semper rutrum, nulla. Nunc purus.', '#Puce', '2022-05-07', 'Livia', '2022-05-21', 'Shurlocke');
insert into Article (user_id, title, content, hashtag, created_at, created_by, modified_at, modified_by) values ('LMH', 'Morbi vestibulum, velit id pretium iaculis, diam erat fermentum justo, nec condimentum neque sapien placerat ante.', 'Quisque id justo sit amet sapien dignissim vestibulum. Vestibulum ante ipsum primis in faucibus orci luctus et ultrices posuere cubilia Curae; Nulla dapibus dolor vel est. Donec odio justo, sollicitudin ut, suscipit a, feugiat et, eros.

Vestibulum ac est lacinia nisi venenatis tristique. Fusce congue, diam id ornare imperdiet, sapien urna pretium nisl, ut volutpat sapien arcu sed augue. Aliquam erat volutpat.', '#Violet', '2022-07-20', 'Raffaello', '2022-05-01', 'Krishna');
insert into Article (user_id, title, content, hashtag, created_at, created_by, modified_at, modified_by) values ('LMH', 'Cras pellentesque volutpat dui.', 'Cras non velit nec nisi vulputate nonummy. Maecenas tincidunt lacus at velit. Vivamus vel nulla eget eros elementum pellentesque.', '#Crimson', '2023-01-08', 'Michaeline', '2022-10-29', 'Amble');
insert into Article (user_id, title, content, hashtag, created_at, created_by, modified_at, modified_by) values ('LMH', 'Suspendisse potenti.', 'Integer ac leo. Pellentesque ultrices mattis odio. Donec vitae nisi.

Nam ultrices, libero non mattis pulvinar, nulla pede ullamcorper augue, a suscipit nulla elit ac nulla. Sed vel enim sit amet nunc viverra dapibus. Nulla suscipit ligula in lacus.', '#Puce', '2022-08-28', 'Leola', '2022-10-29', 'Kari');
insert into Article (user_id, title, content, hashtag, created_at, created_by, modified_at, modified_by) values ('LMH', 'Proin leo odio, porttitor id, consequat in, consequat ut, nulla.', 'Curabitur gravida nisi at nibh. In hac habitasse platea dictumst. Aliquam augue quam, sollicitudin vitae, consectetuer eget, rutrum at, lorem.

Integer tincidunt ante vel ipsum. Praesent blandit lacinia erat. Vestibulum sed magna at nunc commodo placerat.

Praesent blandit. Nam nulla. Integer pede justo, lacinia eget, tincidunt eget, tempus vel, pede.', '#Aquamarine', '2023-01-27', 'Mattheus', '2022-02-26', 'Hermann');
insert into Article (user_id, title, content, hashtag, created_at, created_by, modified_at, modified_by) values ('LMH', 'Fusce posuere felis sed lacus.', 'Phasellus sit amet erat. Nulla tempus. Vivamus in felis eu sapien cursus vestibulum.', '#Indigo', '2022-08-23', 'Annadiane', '2022-07-01', 'Kellen');
insert into Article (user_id, title, content, hashtag, created_at, created_by, modified_at, modified_by) values ('LMH', 'Nam congue, risus semper porta volutpat, quam pede lobortis ligula, sit amet eleifend pede libero quis orci.', 'Quisque porta volutpat erat. Quisque erat eros, viverra eget, congue eget, semper rutrum, nulla. Nunc purus.

Phasellus in felis. Donec semper sapien a libero. Nam dui.', null, '2022-07-03', 'Heloise', '2022-08-05', 'Chet');
insert into Article (user_id, title, content, hashtag, created_at, created_by, modified_at, modified_by) values ('LMH', 'Vestibulum rutrum rutrum neque.', 'Duis aliquam convallis nunc. Proin at turpis a pede posuere nonummy. Integer non velit.

Donec diam neque, vestibulum eget, vulputate ut, ultrices vel, augue. Vestibulum ante ipsum primis in faucibus orci luctus et ultrices posuere cubilia Curae; Donec pharetra, magna vestibulum aliquet ultrices, erat tortor sollicitudin mi, sit amet lobortis sapien sapien non mi. Integer ac neque.

Duis bibendum. Morbi non quam nec dui luctus rutrum. Nulla tellus.', '#Goldenrod', '2022-06-17', 'Anjanette', '2022-08-19', 'Gallard');
insert into Article (user_id, title, content, hashtag, created_at, created_by, modified_at, modified_by) values ('LMH', 'Vivamus vestibulum sagittis sapien.', 'Phasellus in felis. Donec semper sapien a libero. Nam dui.', '#Fuscia', '2022-04-14', 'Ebba', '2022-04-04', 'Kori');
insert into Article (user_id, title, content, hashtag, created_at, created_by, modified_at, modified_by) values ('LMH', 'Donec semper sapien a libero.', 'Nam ultrices, libero non mattis pulvinar, nulla pede ullamcorper augue, a suscipit nulla elit ac nulla. Sed vel enim sit amet nunc viverra dapibus. Nulla suscipit ligula in lacus.', null, '2022-07-05', 'Kath', '2022-10-22', 'Durante');
insert into Article (user_id, title, content, hashtag, created_at, created_by, modified_at, modified_by) values ('LMH', 'Aenean fermentum.', 'Aliquam quis turpis eget elit sodales scelerisque. Mauris sit amet eros. Suspendisse accumsan tortor quis turpis.', '#Blue', '2022-09-16', 'Halsy', '2022-07-27', 'Sloane');
insert into Article (user_id, title, content, hashtag, created_at, created_by, modified_at, modified_by) values ('LMH', 'In eleifend quam a odio.', 'Cum sociis natoque penatibus et magnis dis parturient montes, nascetur ridiculus mus. Vivamus vestibulum sagittis sapien. Cum sociis natoque penatibus et magnis dis parturient montes, nascetur ridiculus mus.

Etiam vel augue. Vestibulum rutrum rutrum neque. Aenean auctor gravida sem.

Praesent id massa id nisl venenatis lacinia. Aenean sit amet justo. Morbi ut odio.', null, '2023-01-29', 'Editha', '2022-12-17', 'Jesselyn');
insert into Article (user_id, title, content, hashtag, created_at, created_by, modified_at, modified_by) values ('LMH', 'Praesent lectus.', 'Aenean lectus. Pellentesque eget nunc. Donec quis orci eget orci vehicula condimentum.

Curabitur in libero ut massa volutpat convallis. Morbi odio odio, elementum eu, interdum eu, tincidunt in, leo. Maecenas pulvinar lobortis est.

Phasellus sit amet erat. Nulla tempus. Vivamus in felis eu sapien cursus vestibulum.', '#Purple', '2022-03-14', 'Brenden', '2022-11-12', 'Dionne');
insert into Article (user_id, title, content, hashtag, created_at, created_by, modified_at, modified_by) values ('LMH', 'Proin leo odio, porttitor id, consequat in, consequat ut, nulla.', 'Cum sociis natoque penatibus et magnis dis parturient montes, nascetur ridiculus mus. Vivamus vestibulum sagittis sapien. Cum sociis natoque penatibus et magnis dis parturient montes, nascetur ridiculus mus.', null, '2022-06-15', 'Basilius', '2022-09-08', 'Boyce');
insert into Article (user_id, title, content, hashtag, created_at, created_by, modified_at, modified_by) values ('LMH', 'In hac habitasse platea dictumst.', 'Nulla ut erat id mauris vulputate elementum. Nullam varius. Nulla facilisi.

Cras non velit nec nisi vulputate nonummy. Maecenas tincidunt lacus at velit. Vivamus vel nulla eget eros elementum pellentesque.', '#Mauv', '2022-05-09', 'Elisa', '2022-03-21', 'Atlanta');
insert into Article (user_id, title, content, hashtag, created_at, created_by, modified_at, modified_by) values ('LMH', 'Suspendisse ornare consequat lectus.', 'Proin interdum mauris non ligula pellentesque ultrices. Phasellus id sapien in sapien iaculis congue. Vivamus metus arcu, adipiscing molestie, hendrerit at, vulputate vitae, nisl.

Aenean lectus. Pellentesque eget nunc. Donec quis orci eget orci vehicula condimentum.

Curabitur in libero ut massa volutpat convallis. Morbi odio odio, elementum eu, interdum eu, tincidunt in, leo. Maecenas pulvinar lobortis est.', null, '2022-12-25', 'Graham', '2022-10-01', 'Sidney');
insert into Article (user_id, title, content, hashtag, created_at, created_by, modified_at, modified_by) values ('LMH', 'In hac habitasse platea dictumst.', 'Phasellus in felis. Donec semper sapien a libero. Nam dui.

Proin leo odio, porttitor id, consequat in, consequat ut, nulla. Sed accumsan felis. Ut at dolor quis odio consequat varius.', '#Khaki', '2022-09-04', 'Conn', '2022-10-26', 'Phillipe');
insert into Article (user_id, title, content, hashtag, created_at, created_by, modified_at, modified_by) values ('LMH', 'Phasellus in felis.', 'Integer ac leo. Pellentesque ultrices mattis odio. Donec vitae nisi.

Nam ultrices, libero non mattis pulvinar, nulla pede ullamcorper augue, a suscipit nulla elit ac nulla. Sed vel enim sit amet nunc viverra dapibus. Nulla suscipit ligula in lacus.

Curabitur at ipsum ac tellus semper interdum. Mauris ullamcorper purus sit amet nulla. Quisque arcu libero, rutrum ac, lobortis vel, dapibus at, diam.', '#Violet', '2022-07-11', 'Rosamund', '2023-01-19', 'Olivette');
insert into Article (user_id, title, content, hashtag, created_at, created_by, modified_at, modified_by) values ('LMH', 'Nulla ut erat id mauris vulputate elementum.', 'Vestibulum ac est lacinia nisi venenatis tristique. Fusce congue, diam id ornare imperdiet, sapien urna pretium nisl, ut volutpat sapien arcu sed augue. Aliquam erat volutpat.

In congue. Etiam justo. Etiam pretium iaculis justo.

In hac habitasse platea dictumst. Etiam faucibus cursus urna. Ut tellus.', '#Goldenrod', '2022-04-30', 'Felix', '2022-03-17', 'Hilario');
insert into Article (user_id, title, content, hashtag, created_at, created_by, modified_at, modified_by) values ('LMH', 'Cum sociis natoque penatibus et magnis dis parturient montes, nascetur ridiculus mus.', 'Sed ante. Vivamus tortor. Duis mattis egestas metus.', '#Pink', '2022-03-14', 'Maighdiln', '2022-03-07', 'Vilma');
insert into Article (user_id, title, content, hashtag, created_at, created_by, modified_at, modified_by) values ('LMH', 'Mauris enim leo, rhoncus sed, vestibulum sit amet, cursus id, turpis.', 'Lorem ipsum dolor sit amet, consectetuer adipiscing elit. Proin risus. Praesent lectus.', '#Red', '2022-06-15', 'Bob', '2022-08-22', 'Valentine');
insert into Article (user_id, title, content, hashtag, created_at, created_by, modified_at, modified_by) values ('LMH', 'Pellentesque at nulla.', 'Duis aliquam convallis nunc. Proin at turpis a pede posuere nonummy. Integer non velit.

Donec diam neque, vestibulum eget, vulputate ut, ultrices vel, augue. Vestibulum ante ipsum primis in faucibus orci luctus et ultrices posuere cubilia Curae; Donec pharetra, magna vestibulum aliquet ultrices, erat tortor sollicitudin mi, sit amet lobortis sapien sapien non mi. Integer ac neque.', '#Orange', '2022-11-17', 'Louis', '2023-01-01', 'Myrna');
insert into Article (user_id, title, content, hashtag, created_at, created_by, modified_at, modified_by) values ('LMH', 'Donec semper sapien a libero.', 'Cras non velit nec nisi vulputate nonummy. Maecenas tincidunt lacus at velit. Vivamus vel nulla eget eros elementum pellentesque.

Quisque porta volutpat erat. Quisque erat eros, viverra eget, congue eget, semper rutrum, nulla. Nunc purus.

Phasellus in felis. Donec semper sapien a libero. Nam dui.', '#Turquoise', '2023-01-31', 'Gwyn', '2022-06-04', 'Walton');
insert into Article (user_id, title, content, hashtag, created_at, created_by, modified_at, modified_by) values ('LMH', 'Fusce congue, diam id ornare imperdiet, sapien urna pretium nisl, ut volutpat sapien arcu sed augue.', 'Curabitur in libero ut massa volutpat convallis. Morbi odio odio, elementum eu, interdum eu, tincidunt in, leo. Maecenas pulvinar lobortis est.', '#Khaki', '2022-08-13', 'Dinah', '2022-03-02', 'Hunt');
insert into Article (user_id, title, content, hashtag, created_at, created_by, modified_at, modified_by) values ('LMH', 'Cras non velit nec nisi vulputate nonummy.', 'Nam ultrices, libero non mattis pulvinar, nulla pede ullamcorper augue, a suscipit nulla elit ac nulla. Sed vel enim sit amet nunc viverra dapibus. Nulla suscipit ligula in lacus.

Curabitur at ipsum ac tellus semper interdum. Mauris ullamcorper purus sit amet nulla. Quisque arcu libero, rutrum ac, lobortis vel, dapibus at, diam.', null, '2022-06-22', 'Hayyim', '2022-08-13', 'Brodie');
insert into Article (user_id, title, content, hashtag, created_at, created_by, modified_at, modified_by) values ('LMH', 'Pellentesque at nulla.', 'Fusce posuere felis sed lacus. Morbi sem mauris, laoreet ut, rhoncus aliquet, pulvinar sed, nisl. Nunc rhoncus dui vel sem.', '#Violet', '2022-06-10', 'Emmalee', '2022-06-08', 'Dion');
insert into Article (user_id, title, content, hashtag, created_at, created_by, modified_at, modified_by) values ('LMH', 'Suspendisse potenti.', 'Nullam sit amet turpis elementum ligula vehicula consequat. Morbi a ipsum. Integer a nibh.

In quis justo. Maecenas rhoncus aliquam lacus. Morbi quis tortor id nulla ultrices aliquet.

Maecenas leo odio, condimentum id, luctus nec, molestie sed, justo. Pellentesque viverra pede ac diam. Cras pellentesque volutpat dui.', null, '2022-08-28', 'Junette', '2023-02-06', 'Hamish');
insert into Article (user_id, title, content, hashtag, created_at, created_by, modified_at, modified_by) values ('LMH', 'Vestibulum ante ipsum primis in faucibus orci luctus et ultrices posuere cubilia Curae; Mauris viverra diam vitae quam.', 'Integer ac leo. Pellentesque ultrices mattis odio. Donec vitae nisi.', '#Crimson', '2022-05-05', 'Dallas', '2022-08-08', 'Thorpe');
insert into Article (user_id, title, content, hashtag, created_at, created_by, modified_at, modified_by) values ('LMH', 'Nulla neque libero, convallis eget, eleifend luctus, ultricies eu, nibh.', 'Duis bibendum, felis sed interdum venenatis, turpis enim blandit mi, in porttitor pede justo eu massa. Donec dapibus. Duis at velit eu est congue elementum.', null, '2022-11-03', 'Juditha', '2022-04-15', 'Adelina');
insert into Article (user_id, title, content, hashtag, created_at, created_by, modified_at, modified_by) values ('LMH', 'Vestibulum sed magna at nunc commodo placerat.', 'In hac habitasse platea dictumst. Etiam faucibus cursus urna. Ut tellus.', '#Red', '2022-05-24', 'Celia', '2022-08-18', 'Isaak');
insert into Article (user_id, title, content, hashtag, created_at, created_by, modified_at, modified_by) values ('LMH', 'Sed sagittis.', 'Quisque porta volutpat erat. Quisque erat eros, viverra eget, congue eget, semper rutrum, nulla. Nunc purus.', '#Mauv', '2022-11-06', 'Aigneis', '2022-10-14', 'Godfree');
insert into Article (user_id, title, content, hashtag, created_at, created_by, modified_at, modified_by) values ('LMH', 'Nulla neque libero, convallis eget, eleifend luctus, ultricies eu, nibh.', 'Etiam vel augue. Vestibulum rutrum rutrum neque. Aenean auctor gravida sem.

Praesent id massa id nisl venenatis lacinia. Aenean sit amet justo. Morbi ut odio.', '#Puce', '2022-12-12', 'Benson', '2022-06-04', 'Suzy');
insert into Article (user_id, title, content, hashtag, created_at, created_by, modified_at, modified_by) values ('LMH', 'Vestibulum ante ipsum primis in faucibus orci luctus et ultrices posuere cubilia Curae; Duis faucibus accumsan odio.', 'Fusce consequat. Nulla nisl. Nunc nisl.

Duis bibendum, felis sed interdum venenatis, turpis enim blandit mi, in porttitor pede justo eu massa. Donec dapibus. Duis at velit eu est congue elementum.

In hac habitasse platea dictumst. Morbi vestibulum, velit id pretium iaculis, diam erat fermentum justo, nec condimentum neque sapien placerat ante. Nulla justo.', null, '2023-01-08', 'Paule', '2022-12-23', 'Darsie');
insert into Article (user_id, title, content, hashtag, created_at, created_by, modified_at, modified_by) values ('LMH', 'Aenean auctor gravida sem.', 'Phasellus sit amet erat. Nulla tempus. Vivamus in felis eu sapien cursus vestibulum.', '#Teal', '2022-09-02', 'Gunilla', '2022-04-06', 'Joshuah');
insert into Article (user_id, title, content, hashtag, created_at, created_by, modified_at, modified_by) values ('LMH', 'Ut tellus.', 'Sed ante. Vivamus tortor. Duis mattis egestas metus.', null, '2023-01-18', 'Luther', '2022-10-28', 'Theadora');
insert into Article (user_id, title, content, hashtag, created_at, created_by, modified_at, modified_by) values ('LMH', 'Vivamus metus arcu, adipiscing molestie, hendrerit at, vulputate vitae, nisl.', 'Suspendisse potenti. In eleifend quam a odio. In hac habitasse platea dictumst.

Maecenas ut massa quis augue luctus tincidunt. Nulla mollis molestie lorem. Quisque ut erat.', '#Purple', '2022-06-23', 'Romain', '2022-03-31', 'Vikky');
insert into Article (user_id, title, content, hashtag, created_at, created_by, modified_at, modified_by) values ('LMH', 'Aenean fermentum.', 'Morbi porttitor lorem id ligula. Suspendisse ornare consequat lectus. In est risus, auctor sed, tristique in, tempus sit amet, sem.', '#Indigo', '2022-06-03', 'Mellisa', '2023-01-31', 'Forrester');
insert into Article (user_id, title, content, hashtag, created_at, created_by, modified_at, modified_by) values ('LMH', 'Vestibulum ac est lacinia nisi venenatis tristique.', 'Cras mi pede, malesuada in, imperdiet et, commodo vulputate, justo. In blandit ultrices enim. Lorem ipsum dolor sit amet, consectetuer adipiscing elit.', null, '2022-03-17', 'Eleonora', '2022-06-15', 'Gussy');
insert into Article (user_id, title, content, hashtag, created_at, created_by, modified_at, modified_by) values ('LMH', 'Nullam molestie nibh in lectus.', 'Fusce consequat. Nulla nisl. Nunc nisl.

Duis bibendum, felis sed interdum venenatis, turpis enim blandit mi, in porttitor pede justo eu massa. Donec dapibus. Duis at velit eu est congue elementum.

In hac habitasse platea dictumst. Morbi vestibulum, velit id pretium iaculis, diam erat fermentum justo, nec condimentum neque sapien placerat ante. Nulla justo.', '#Puce', '2022-05-07', 'Anthia', '2022-12-26', 'Melonie');
insert into Article (user_id, title, content, hashtag, created_at, created_by, modified_at, modified_by) values ('LMH', 'Phasellus in felis.', 'In sagittis dui vel nisl. Duis ac nibh. Fusce lacus purus, aliquet at, feugiat non, pretium quis, lectus.', '#Orange', '2022-04-11', 'Jessie', '2023-01-24', 'Chadd');
insert into Article (user_id, title, content, hashtag, created_at, created_by, modified_at, modified_by) values ('LMH', 'Sed sagittis.', 'Phasellus in felis. Donec semper sapien a libero. Nam dui.

Proin leo odio, porttitor id, consequat in, consequat ut, nulla. Sed accumsan felis. Ut at dolor quis odio consequat varius.

Integer ac leo. Pellentesque ultrices mattis odio. Donec vitae nisi.', '#Teal', '2022-07-12', 'Hanson', '2022-07-16', 'Aveline');
insert into Article (user_id, title, content, hashtag, created_at, created_by, modified_at, modified_by) values ('LMH', 'Nulla justo.', 'Nulla ut erat id mauris vulputate elementum. Nullam varius. Nulla facilisi.

Cras non velit nec nisi vulputate nonummy. Maecenas tincidunt lacus at velit. Vivamus vel nulla eget eros elementum pellentesque.

Quisque porta volutpat erat. Quisque erat eros, viverra eget, congue eget, semper rutrum, nulla. Nunc purus.', '#Maroon', '2022-03-21', 'Helenka', '2023-02-16', 'Liuka');
insert into Article (user_id, title, content, hashtag, created_at, created_by, modified_at, modified_by) values ('LMH', 'Donec dapibus.', 'Vestibulum quam sapien, varius ut, blandit non, interdum in, ante. Vestibulum ante ipsum primis in faucibus orci luctus et ultrices posuere cubilia Curae; Duis faucibus accumsan odio. Curabitur convallis.

Duis consequat dui nec nisi volutpat eleifend. Donec ut dolor. Morbi vel lectus in quam fringilla rhoncus.', null, '2022-06-17', 'Lem', '2022-06-14', 'Aggy');
insert into Article (user_id, title, content, hashtag, created_at, created_by, modified_at, modified_by) values ('LMH', 'Nunc purus.', 'Lorem ipsum dolor sit amet, consectetuer adipiscing elit. Proin risus. Praesent lectus.

Vestibulum quam sapien, varius ut, blandit non, interdum in, ante. Vestibulum ante ipsum primis in faucibus orci luctus et ultrices posuere cubilia Curae; Duis faucibus accumsan odio. Curabitur convallis.', null, '2023-01-14', 'Estel', '2022-08-21', 'Bil');
insert into Article (user_id, title, content, hashtag, created_at, created_by, modified_at, modified_by) values ('LMH', 'Vivamus vel nulla eget eros elementum pellentesque.', 'Aliquam quis turpis eget elit sodales scelerisque. Mauris sit amet eros. Suspendisse accumsan tortor quis turpis.

Sed ante. Vivamus tortor. Duis mattis egestas metus.

Aenean fermentum. Donec ut mauris eget massa tempor convallis. Nulla neque libero, convallis eget, eleifend luctus, ultricies eu, nibh.', '#Pink', '2023-02-10', 'Farlee', '2023-02-16', 'Josie');
insert into Article (user_id, title, content, hashtag, created_at, created_by, modified_at, modified_by) values ('LMH', 'In congue.', 'Vestibulum ac est lacinia nisi venenatis tristique. Fusce congue, diam id ornare imperdiet, sapien urna pretium nisl, ut volutpat sapien arcu sed augue. Aliquam erat volutpat.', '#Pink', '2022-07-06', 'Vaughan', '2022-06-07', 'Courtnay');
insert into Article (user_id, title, content, hashtag, created_at, created_by, modified_at, modified_by) values ('LMH', 'Suspendisse ornare consequat lectus.', 'Sed sagittis. Nam congue, risus semper porta volutpat, quam pede lobortis ligula, sit amet eleifend pede libero quis orci. Nullam molestie nibh in lectus.

Pellentesque at nulla. Suspendisse potenti. Cras in purus eu magna vulputate luctus.', '#Turquoise', '2022-09-15', 'Stacy', '2022-04-25', 'Anatollo');
insert into Article (user_id, title, content, hashtag, created_at, created_by, modified_at, modified_by) values ('LMH', 'In quis justo.', 'In congue. Etiam justo. Etiam pretium iaculis justo.

In hac habitasse platea dictumst. Etiam faucibus cursus urna. Ut tellus.

Nulla ut erat id mauris vulputate elementum. Nullam varius. Nulla facilisi.', '#Blue', '2022-07-04', 'Jinny', '2022-05-26', 'Remington');
insert into Article (user_id, title, content, hashtag, created_at, created_by, modified_at, modified_by) values ('LMH', 'Suspendisse potenti.', 'Pellentesque at nulla. Suspendisse potenti. Cras in purus eu magna vulputate luctus.

Cum sociis natoque penatibus et magnis dis parturient montes, nascetur ridiculus mus. Vivamus vestibulum sagittis sapien. Cum sociis natoque penatibus et magnis dis parturient montes, nascetur ridiculus mus.

Etiam vel augue. Vestibulum rutrum rutrum neque. Aenean auctor gravida sem.', '#Turquoise', '2022-05-27', 'Denyse', '2023-01-16', 'Erda');
insert into Article (user_id, title, content, hashtag, created_at, created_by, modified_at, modified_by) values ('LMH', 'Lorem ipsum dolor sit amet, consectetuer adipiscing elit.', 'Morbi non lectus. Aliquam sit amet diam in magna bibendum imperdiet. Nullam orci pede, venenatis non, sodales sed, tincidunt eu, felis.

Fusce posuere felis sed lacus. Morbi sem mauris, laoreet ut, rhoncus aliquet, pulvinar sed, nisl. Nunc rhoncus dui vel sem.', '#Indigo', '2022-12-20', 'Hilario', '2022-05-28', 'Ogdon');
insert into Article (user_id, title, content, hashtag, created_at, created_by, modified_at, modified_by) values ('LMH', 'Proin risus.', 'Duis aliquam convallis nunc. Proin at turpis a pede posuere nonummy. Integer non velit.

Donec diam neque, vestibulum eget, vulputate ut, ultrices vel, augue. Vestibulum ante ipsum primis in faucibus orci luctus et ultrices posuere cubilia Curae; Donec pharetra, magna vestibulum aliquet ultrices, erat tortor sollicitudin mi, sit amet lobortis sapien sapien non mi. Integer ac neque.', '#Blue', '2022-09-27', 'Flora', '2022-04-03', 'Becki');
insert into Article (user_id, title, content, hashtag, created_at, created_by, modified_at, modified_by) values ('LMH', 'Aliquam sit amet diam in magna bibendum imperdiet.', 'Curabitur gravida nisi at nibh. In hac habitasse platea dictumst. Aliquam augue quam, sollicitudin vitae, consectetuer eget, rutrum at, lorem.

Integer tincidunt ante vel ipsum. Praesent blandit lacinia erat. Vestibulum sed magna at nunc commodo placerat.', '#Teal', '2022-12-04', 'Jessie', '2022-08-04', 'Clem');
insert into Article (user_id, title, content, hashtag, created_at, created_by, modified_at, modified_by) values ('LMH', 'Integer ac leo.', 'Duis bibendum, felis sed interdum venenatis, turpis enim blandit mi, in porttitor pede justo eu massa. Donec dapibus. Duis at velit eu est congue elementum.

In hac habitasse platea dictumst. Morbi vestibulum, velit id pretium iaculis, diam erat fermentum justo, nec condimentum neque sapien placerat ante. Nulla justo.', '#Yellow', '2022-06-24', 'Oralla', '2022-11-12', 'Kipper');
insert into Article (user_id, title, content, hashtag, created_at, created_by, modified_at, modified_by) values ('LMH', 'Nunc nisl.', 'Sed ante. Vivamus tortor. Duis mattis egestas metus.

Aenean fermentum. Donec ut mauris eget massa tempor convallis. Nulla neque libero, convallis eget, eleifend luctus, ultricies eu, nibh.', null, '2023-01-22', 'Matteo', '2022-06-21', 'Joela');
insert into Article (user_id, title, content, hashtag, created_at, created_by, modified_at, modified_by) values ('LMH', 'Quisque id justo sit amet sapien dignissim vestibulum.', 'Morbi non lectus. Aliquam sit amet diam in magna bibendum imperdiet. Nullam orci pede, venenatis non, sodales sed, tincidunt eu, felis.

Fusce posuere felis sed lacus. Morbi sem mauris, laoreet ut, rhoncus aliquet, pulvinar sed, nisl. Nunc rhoncus dui vel sem.

Sed sagittis. Nam congue, risus semper porta volutpat, quam pede lobortis ligula, sit amet eleifend pede libero quis orci. Nullam molestie nibh in lectus.', '#Aquamarine', '2022-05-13', 'Lonna', '2023-01-19', 'Lammond');
insert into Article (user_id, title, content, hashtag, created_at, created_by, modified_at, modified_by) values ('LMH', 'Integer tincidunt ante vel ipsum.', 'Nulla ut erat id mauris vulputate elementum. Nullam varius. Nulla facilisi.', '#Blue', '2022-02-18', 'Judi', '2022-11-15', 'Janine');
insert into Article (user_id, title, content, hashtag, created_at, created_by, modified_at, modified_by) values ('LMH', 'Nunc purus.', 'Maecenas tristique, est et tempus semper, est quam pharetra magna, ac consequat metus sapien ut nunc. Vestibulum ante ipsum primis in faucibus orci luctus et ultrices posuere cubilia Curae; Mauris viverra diam vitae quam. Suspendisse potenti.', null, '2022-03-24', 'Robbyn', '2022-12-29', 'Shirline');
insert into Article (user_id, title, content, hashtag, created_at, created_by, modified_at, modified_by) values ('LMH', 'Integer tincidunt ante vel ipsum.', 'Aliquam quis turpis eget elit sodales scelerisque. Mauris sit amet eros. Suspendisse accumsan tortor quis turpis.

Sed ante. Vivamus tortor. Duis mattis egestas metus.

Aenean fermentum. Donec ut mauris eget massa tempor convallis. Nulla neque libero, convallis eget, eleifend luctus, ultricies eu, nibh.', '#Teal', '2022-05-22', 'Franklyn', '2022-12-18', 'Winfred');
insert into Article (user_id, title, content, hashtag, created_at, created_by, modified_at, modified_by) values ('LMH', 'Donec dapibus.', 'Suspendisse potenti. In eleifend quam a odio. In hac habitasse platea dictumst.

Maecenas ut massa quis augue luctus tincidunt. Nulla mollis molestie lorem. Quisque ut erat.', '#Crimson', '2023-02-12', 'Darda', '2022-06-11', 'Stephenie');
insert into Article (user_id, title, content, hashtag, created_at, created_by, modified_at, modified_by) values ('LMH', 'Quisque arcu libero, rutrum ac, lobortis vel, dapibus at, diam.', 'Morbi non lectus. Aliquam sit amet diam in magna bibendum imperdiet. Nullam orci pede, venenatis non, sodales sed, tincidunt eu, felis.', '#Purple', '2022-11-24', 'Sula', '2022-12-15', 'Caz');
insert into Article (user_id, title, content, hashtag, created_at, created_by, modified_at, modified_by) values ('LMH', 'Lorem ipsum dolor sit amet, consectetuer adipiscing elit.', 'Suspendisse potenti. In eleifend quam a odio. In hac habitasse platea dictumst.

Maecenas ut massa quis augue luctus tincidunt. Nulla mollis molestie lorem. Quisque ut erat.

Curabitur gravida nisi at nibh. In hac habitasse platea dictumst. Aliquam augue quam, sollicitudin vitae, consectetuer eget, rutrum at, lorem.', null, '2022-06-22', 'Marna', '2022-10-09', 'Sylvan');
insert into Article (user_id, title, content, hashtag, created_at, created_by, modified_at, modified_by) values ('LMH', 'Duis bibendum.', 'In congue. Etiam justo. Etiam pretium iaculis justo.

In hac habitasse platea dictumst. Etiam faucibus cursus urna. Ut tellus.

Nulla ut erat id mauris vulputate elementum. Nullam varius. Nulla facilisi.', '#Mauv', '2022-10-12', 'Appolonia', '2022-11-05', 'Prissie');
insert into Article (user_id, title, content, hashtag, created_at, created_by, modified_at, modified_by) values ('LMH', 'Suspendisse ornare consequat lectus.', 'Duis consequat dui nec nisi volutpat eleifend. Donec ut dolor. Morbi vel lectus in quam fringilla rhoncus.

Mauris enim leo, rhoncus sed, vestibulum sit amet, cursus id, turpis. Integer aliquet, massa id lobortis convallis, tortor risus dapibus augue, vel accumsan tellus nisi eu orci. Mauris lacinia sapien quis libero.', null, '2022-09-29', 'Donall', '2022-11-24', 'Corette');
insert into Article (user_id, title, content, hashtag, created_at, created_by, modified_at, modified_by) values ('LMH', 'Nulla justo.', 'Fusce posuere felis sed lacus. Morbi sem mauris, laoreet ut, rhoncus aliquet, pulvinar sed, nisl. Nunc rhoncus dui vel sem.

Sed sagittis. Nam congue, risus semper porta volutpat, quam pede lobortis ligula, sit amet eleifend pede libero quis orci. Nullam molestie nibh in lectus.', '#Turquoise', '2022-05-17', 'Alli', '2022-03-09', 'Michaelina');
insert into Article (user_id, title, content, hashtag, created_at, created_by, modified_at, modified_by) values ('LMH', 'Nam nulla.', 'Lorem ipsum dolor sit amet, consectetuer adipiscing elit. Proin risus. Praesent lectus.

Vestibulum quam sapien, varius ut, blandit non, interdum in, ante. Vestibulum ante ipsum primis in faucibus orci luctus et ultrices posuere cubilia Curae; Duis faucibus accumsan odio. Curabitur convallis.', '#Teal', '2022-11-06', 'Giacobo', '2022-08-10', 'Sherie');
insert into Article (user_id, title, content, hashtag, created_at, created_by, modified_at, modified_by) values ('LMH', 'Curabitur gravida nisi at nibh.', 'Vestibulum quam sapien, varius ut, blandit non, interdum in, ante. Vestibulum ante ipsum primis in faucibus orci luctus et ultrices posuere cubilia Curae; Duis faucibus accumsan odio. Curabitur convallis.

Duis consequat dui nec nisi volutpat eleifend. Donec ut dolor. Morbi vel lectus in quam fringilla rhoncus.

Mauris enim leo, rhoncus sed, vestibulum sit amet, cursus id, turpis. Integer aliquet, massa id lobortis convallis, tortor risus dapibus augue, vel accumsan tellus nisi eu orci. Mauris lacinia sapien quis libero.', '#Orange', '2022-10-09', 'Carlin', '2023-02-04', 'Alysia');
insert into Article (user_id, title, content, hashtag, created_at, created_by, modified_at, modified_by) values ('LMH', 'Morbi non lectus.', 'Proin interdum mauris non ligula pellentesque ultrices. Phasellus id sapien in sapien iaculis congue. Vivamus metus arcu, adipiscing molestie, hendrerit at, vulputate vitae, nisl.

Aenean lectus. Pellentesque eget nunc. Donec quis orci eget orci vehicula condimentum.

Curabitur in libero ut massa volutpat convallis. Morbi odio odio, elementum eu, interdum eu, tincidunt in, leo. Maecenas pulvinar lobortis est.', '#Pink', '2022-08-06', 'Tova', '2022-07-10', 'Selle');
insert into Article (user_id, title, content, hashtag, created_at, created_by, modified_at, modified_by) values ('LMH', 'Nunc rhoncus dui vel sem.', 'Cras mi pede, malesuada in, imperdiet et, commodo vulputate, justo. In blandit ultrices enim. Lorem ipsum dolor sit amet, consectetuer adipiscing elit.

Proin interdum mauris non ligula pellentesque ultrices. Phasellus id sapien in sapien iaculis congue. Vivamus metus arcu, adipiscing molestie, hendrerit at, vulputate vitae, nisl.

Aenean lectus. Pellentesque eget nunc. Donec quis orci eget orci vehicula condimentum.', '#Aquamarine', '2022-08-12', 'Maura', '2022-09-06', 'Eleanore');
insert into Article (user_id, title, content, hashtag, created_at, created_by, modified_at, modified_by) values ('LMH', 'Pellentesque ultrices mattis odio.', 'Phasellus in felis. Donec semper sapien a libero. Nam dui.

Proin leo odio, porttitor id, consequat in, consequat ut, nulla. Sed accumsan felis. Ut at dolor quis odio consequat varius.', '#Khaki', '2023-02-06', 'Aridatha', '2022-08-07', 'Graig');
insert into Article (user_id, title, content, hashtag, created_at, created_by, modified_at, modified_by) values ('LMH', 'Nullam orci pede, venenatis non, sodales sed, tincidunt eu, felis.', 'In quis justo. Maecenas rhoncus aliquam lacus. Morbi quis tortor id nulla ultrices aliquet.

Maecenas leo odio, condimentum id, luctus nec, molestie sed, justo. Pellentesque viverra pede ac diam. Cras pellentesque volutpat dui.', '#Aquamarine', '2022-07-05', 'Ned', '2022-05-08', 'Meyer');
insert into Article (user_id, title, content, hashtag, created_at, created_by, modified_at, modified_by) values ('LMH', 'Duis mattis egestas metus.', 'Proin interdum mauris non ligula pellentesque ultrices. Phasellus id sapien in sapien iaculis congue. Vivamus metus arcu, adipiscing molestie, hendrerit at, vulputate vitae, nisl.

Aenean lectus. Pellentesque eget nunc. Donec quis orci eget orci vehicula condimentum.

Curabitur in libero ut massa volutpat convallis. Morbi odio odio, elementum eu, interdum eu, tincidunt in, leo. Maecenas pulvinar lobortis est.', '#Indigo', '2022-09-14', 'Briant', '2022-10-31', 'Vilhelmina');
insert into Article (user_id, title, content, hashtag, created_at, created_by, modified_at, modified_by) values ('LMH', 'Praesent lectus.', 'In quis justo. Maecenas rhoncus aliquam lacus. Morbi quis tortor id nulla ultrices aliquet.', '#Purple', '2022-05-31', 'Eberto', '2022-03-08', 'Paolina');
insert into Article (user_id, title, content, hashtag, created_at, created_by, modified_at, modified_by) values ('LMH', 'Curabitur gravida nisi at nibh.', 'In hac habitasse platea dictumst. Morbi vestibulum, velit id pretium iaculis, diam erat fermentum justo, nec condimentum neque sapien placerat ante. Nulla justo.', '#Aquamarine', '2022-12-15', 'Ulrich', '2022-03-05', 'Verney');
insert into Article (user_id, title, content, hashtag, created_at, created_by, modified_at, modified_by) values ('LMH', 'Nam tristique tortor eu pede.', 'Nullam sit amet turpis elementum ligula vehicula consequat. Morbi a ipsum. Integer a nibh.

In quis justo. Maecenas rhoncus aliquam lacus. Morbi quis tortor id nulla ultrices aliquet.', '#Indigo', '2022-09-24', 'Merwyn', '2022-08-05', 'Cory');
insert into Article (user_id, title, content, hashtag, created_at, created_by, modified_at, modified_by) values ('LMH', 'Fusce lacus purus, aliquet at, feugiat non, pretium quis, lectus.', 'Nulla ut erat id mauris vulputate elementum. Nullam varius. Nulla facilisi.', null, '2022-08-30', 'Jo-anne', '2022-07-30', 'Electra');
insert into Article (user_id, title, content, hashtag, created_at, created_by, modified_at, modified_by) values ('LMH', 'Morbi vel lectus in quam fringilla rhoncus.', 'Aliquam quis turpis eget elit sodales scelerisque. Mauris sit amet eros. Suspendisse accumsan tortor quis turpis.', '#Orange', '2022-05-21', 'Axe', '2022-04-18', 'Essa');
insert into Article (user_id, title, content, hashtag, created_at, created_by, modified_at, modified_by) values ('LMH', 'Donec quis orci eget orci vehicula condimentum.', 'Morbi non lectus. Aliquam sit amet diam in magna bibendum imperdiet. Nullam orci pede, venenatis non, sodales sed, tincidunt eu, felis.

Fusce posuere felis sed lacus. Morbi sem mauris, laoreet ut, rhoncus aliquet, pulvinar sed, nisl. Nunc rhoncus dui vel sem.

Sed sagittis. Nam congue, risus semper porta volutpat, quam pede lobortis ligula, sit amet eleifend pede libero quis orci. Nullam molestie nibh in lectus.', '#Orange', '2022-06-26', 'Jerrold', '2022-11-21', 'Diana');
insert into Article (user_id, title, content, hashtag, created_at, created_by, modified_at, modified_by) values ('LMH', 'Phasellus id sapien in sapien iaculis congue.', 'Phasellus in felis. Donec semper sapien a libero. Nam dui.

Proin leo odio, porttitor id, consequat in, consequat ut, nulla. Sed accumsan felis. Ut at dolor quis odio consequat varius.

Integer ac leo. Pellentesque ultrices mattis odio. Donec vitae nisi.', '#Mauv', '2022-05-09', 'Base', '2022-08-09', 'Chanda');
insert into Article (user_id, title, content, hashtag, created_at, created_by, modified_at, modified_by) values ('LMH', 'Pellentesque eget nunc.', 'Duis aliquam convallis nunc. Proin at turpis a pede posuere nonummy. Integer non velit.

Donec diam neque, vestibulum eget, vulputate ut, ultrices vel, augue. Vestibulum ante ipsum primis in faucibus orci luctus et ultrices posuere cubilia Curae; Donec pharetra, magna vestibulum aliquet ultrices, erat tortor sollicitudin mi, sit amet lobortis sapien sapien non mi. Integer ac neque.

Duis bibendum. Morbi non quam nec dui luctus rutrum. Nulla tellus.', null, '2022-10-03', 'Matelda', '2022-04-09', 'Jordanna');
insert into Article (user_id, title, content, hashtag, created_at, created_by, modified_at, modified_by) values ('LMH', 'Pellentesque eget nunc.', 'Quisque id justo sit amet sapien dignissim vestibulum. Vestibulum ante ipsum primis in faucibus orci luctus et ultrices posuere cubilia Curae; Nulla dapibus dolor vel est. Donec odio justo, sollicitudin ut, suscipit a, feugiat et, eros.', '#Orange', '2022-03-31', 'Jordanna', '2022-03-08', 'Maxy');
insert into Article (user_id, title, content, hashtag, created_at, created_by, modified_at, modified_by) values ('LMH', 'Maecenas rhoncus aliquam lacus.', 'Fusce consequat. Nulla nisl. Nunc nisl.

Duis bibendum, felis sed interdum venenatis, turpis enim blandit mi, in porttitor pede justo eu massa. Donec dapibus. Duis at velit eu est congue elementum.', '#Indigo', '2022-09-09', 'Danella', '2023-01-20', 'Jamal');
insert into Article (user_id, title, content, hashtag, created_at, created_by, modified_at, modified_by) values ('LMH', 'Etiam justo.', 'Sed sagittis. Nam congue, risus semper porta volutpat, quam pede lobortis ligula, sit amet eleifend pede libero quis orci. Nullam molestie nibh in lectus.

Pellentesque at nulla. Suspendisse potenti. Cras in purus eu magna vulputate luctus.', null, '2022-10-25', 'Aileen', '2022-12-03', 'Pasquale');
insert into Article (user_id, title, content, hashtag, created_at, created_by, modified_at, modified_by) values ('LMH', 'Phasellus in felis.', 'Mauris enim leo, rhoncus sed, vestibulum sit amet, cursus id, turpis. Integer aliquet, massa id lobortis convallis, tortor risus dapibus augue, vel accumsan tellus nisi eu orci. Mauris lacinia sapien quis libero.', '#Goldenrod', '2022-10-30', 'Netta', '2022-04-17', 'Elianore');
insert into Article (user_id, title, content, hashtag, created_at, created_by, modified_at, modified_by) values ('LMH', 'Integer tincidunt ante vel ipsum.', 'Duis consequat dui nec nisi volutpat eleifend. Donec ut dolor. Morbi vel lectus in quam fringilla rhoncus.

Mauris enim leo, rhoncus sed, vestibulum sit amet, cursus id, turpis. Integer aliquet, massa id lobortis convallis, tortor risus dapibus augue, vel accumsan tellus nisi eu orci. Mauris lacinia sapien quis libero.', null, '2022-12-10', 'Constance', '2022-05-06', 'Tisha');
insert into Article (user_id, title, content, hashtag, created_at, created_by, modified_at, modified_by) values ('LMH', 'Nunc purus.', 'Nulla ut erat id mauris vulputate elementum. Nullam varius. Nulla facilisi.

Cras non velit nec nisi vulputate nonummy. Maecenas tincidunt lacus at velit. Vivamus vel nulla eget eros elementum pellentesque.

Quisque porta volutpat erat. Quisque erat eros, viverra eget, congue eget, semper rutrum, nulla. Nunc purus.', '#Indigo', '2023-01-27', 'Trescha', '2022-05-19', 'Leandra');
insert into Article (user_id, title, content, hashtag, created_at, created_by, modified_at, modified_by) values ('LMH', 'Pellentesque at nulla.', 'Nam ultrices, libero non mattis pulvinar, nulla pede ullamcorper augue, a suscipit nulla elit ac nulla. Sed vel enim sit amet nunc viverra dapibus. Nulla suscipit ligula in lacus.', '#Khaki', '2022-12-25', 'Birgitta', '2023-02-08', 'Arielle');
insert into Article (user_id, title, content, hashtag, created_at, created_by, modified_at, modified_by) values ('LMH', 'Donec vitae nisi.', 'Duis bibendum, felis sed interdum venenatis, turpis enim blandit mi, in porttitor pede justo eu massa. Donec dapibus. Duis at velit eu est congue elementum.

In hac habitasse platea dictumst. Morbi vestibulum, velit id pretium iaculis, diam erat fermentum justo, nec condimentum neque sapien placerat ante. Nulla justo.

Aliquam quis turpis eget elit sodales scelerisque. Mauris sit amet eros. Suspendisse accumsan tortor quis turpis.', '#Red', '2023-02-02', 'Banky', '2023-02-09', 'Hollyanne');
insert into Article (user_id, title, content, hashtag, created_at, created_by, modified_at, modified_by) values ('LMH', 'Maecenas pulvinar lobortis est.', 'Nullam sit amet turpis elementum ligula vehicula consequat. Morbi a ipsum. Integer a nibh.', '#Purple', '2022-03-30', 'Adrianne', '2022-05-07', 'Maynord');
insert into Article (user_id, title, content, hashtag, created_at, created_by, modified_at, modified_by) values ('lmh0237', 'Cras pellentesque volutpat dui.', 'In quis justo. Maecenas rhoncus aliquam lacus. Morbi quis tortor id nulla ultrices aliquet.

Maecenas leo odio, condimentum id, luctus nec, molestie sed, justo. Pellentesque viverra pede ac diam. Cras pellentesque volutpat dui.

Maecenas tristique, est et tempus semper, est quam pharetra magna, ac consequat metus sapien ut nunc. Vestibulum ante ipsum primis in faucibus orci luctus et ultrices posuere cubilia Curae; Mauris viverra diam vitae quam. Suspendisse potenti.', '#Goldenrod', '2022-10-27', 'Hallie', '2022-07-03', 'Daveta');
insert into Article (user_id, title, content, hashtag, created_at, created_by, modified_at, modified_by) values ('LMH', 'Vivamus tortor.', 'Lorem ipsum dolor sit amet, consectetuer adipiscing elit. Proin risus. Praesent lectus.

Vestibulum quam sapien, varius ut, blandit non, interdum in, ante. Vestibulum ante ipsum primis in faucibus orci luctus et ultrices posuere cubilia Curae; Duis faucibus accumsan odio. Curabitur convallis.

Duis consequat dui nec nisi volutpat eleifend. Donec ut dolor. Morbi vel lectus in quam fringilla rhoncus.', '#Yellow', '2022-11-22', 'Tiphani', '2022-03-08', 'Thibaud');
insert into Article (user_id, title, content, hashtag, created_at, created_by, modified_at, modified_by) values ('LMH', 'Donec ut mauris eget massa tempor convallis.', 'Proin eu mi. Nulla ac enim. In tempor, turpis nec euismod scelerisque, quam turpis adipiscing lorem, vitae mattis nibh ligula nec sem.

Duis aliquam convallis nunc. Proin at turpis a pede posuere nonummy. Integer non velit.

Donec diam neque, vestibulum eget, vulputate ut, ultrices vel, augue. Vestibulum ante ipsum primis in faucibus orci luctus et ultrices posuere cubilia Curae; Donec pharetra, magna vestibulum aliquet ultrices, erat tortor sollicitudin mi, sit amet lobortis sapien sapien non mi. Integer ac neque.', '#Fuscia', '2022-03-17', 'Emerson', '2022-04-18', 'Wilhelmina');
insert into Article (user_id, title, content, hashtag, created_at, created_by, modified_at, modified_by) values ('lmh0237', 'Maecenas tincidunt lacus at velit.', 'Maecenas leo odio, condimentum id, luctus nec, molestie sed, justo. Pellentesque viverra pede ac diam. Cras pellentesque volutpat dui.

Maecenas tristique, est et tempus semper, est quam pharetra magna, ac consequat metus sapien ut nunc. Vestibulum ante ipsum primis in faucibus orci luctus et ultrices posuere cubilia Curae; Mauris viverra diam vitae quam. Suspendisse potenti.

Nullam porttitor lacus at turpis. Donec posuere metus vitae ipsum. Aliquam non mauris.', '#Maroon', '2022-04-30', 'Karney', '2023-01-07', 'Kane');
insert into Article (user_id, title, content, hashtag, created_at, created_by, modified_at, modified_by) values ('LMH', 'Vivamus vestibulum sagittis sapien.', 'Duis consequat dui nec nisi volutpat eleifend. Donec ut dolor. Morbi vel lectus in quam fringilla rhoncus.

Mauris enim leo, rhoncus sed, vestibulum sit amet, cursus id, turpis. Integer aliquet, massa id lobortis convallis, tortor risus dapibus augue, vel accumsan tellus nisi eu orci. Mauris lacinia sapien quis libero.', '#Aquamarine', '2022-11-13', 'El', '2022-06-11', 'Willetta');
insert into Article (user_id, title, content, hashtag, created_at, created_by, modified_at, modified_by) values ('LMH', 'Vestibulum sed magna at nunc commodo placerat.', 'Integer tincidunt ante vel ipsum. Praesent blandit lacinia erat. Vestibulum sed magna at nunc commodo placerat.

Praesent blandit. Nam nulla. Integer pede justo, lacinia eget, tincidunt eget, tempus vel, pede.', '#Maroon', '2022-03-16', 'Penny', '2023-02-08', 'Darby');
insert into Article (user_id, title, content, hashtag, created_at, created_by, modified_at, modified_by) values ('LMH', 'Duis at velit eu est congue elementum.', 'Sed sagittis. Nam congue, risus semper porta volutpat, quam pede lobortis ligula, sit amet eleifend pede libero quis orci. Nullam molestie nibh in lectus.

Pellentesque at nulla. Suspendisse potenti. Cras in purus eu magna vulputate luctus.

Cum sociis natoque penatibus et magnis dis parturient montes, nascetur ridiculus mus. Vivamus vestibulum sagittis sapien. Cum sociis natoque penatibus et magnis dis parturient montes, nascetur ridiculus mus.', '#Red', '2022-06-04', 'Jenilee', '2022-02-24', 'Pebrook');
insert into Article (user_id, title, content, hashtag, created_at, created_by, modified_at, modified_by) values ('LMH', 'Nulla ac enim.', 'Nulla ut erat id mauris vulputate elementum. Nullam varius. Nulla facilisi.

Cras non velit nec nisi vulputate nonummy. Maecenas tincidunt lacus at velit. Vivamus vel nulla eget eros elementum pellentesque.', '#Goldenrod', '2022-12-03', 'Yalonda', '2022-09-17', 'Sisely');
insert into Article (user_id, title, content, hashtag, created_at, created_by, modified_at, modified_by) values ('LMH', 'Nullam varius.', 'In sagittis dui vel nisl. Duis ac nibh. Fusce lacus purus, aliquet at, feugiat non, pretium quis, lectus.

Suspendisse potenti. In eleifend quam a odio. In hac habitasse platea dictumst.

Maecenas ut massa quis augue luctus tincidunt. Nulla mollis molestie lorem. Quisque ut erat.', '#Mauv', '2023-01-17', 'Charlena', '2023-01-17', 'Bord');
insert into Article (user_id, title, content, hashtag, created_at, created_by, modified_at, modified_by) values ('LMH', 'Duis ac nibh.', 'In hac habitasse platea dictumst. Morbi vestibulum, velit id pretium iaculis, diam erat fermentum justo, nec condimentum neque sapien placerat ante. Nulla justo.

Aliquam quis turpis eget elit sodales scelerisque. Mauris sit amet eros. Suspendisse accumsan tortor quis turpis.

Sed ante. Vivamus tortor. Duis mattis egestas metus.', '#Purple', '2022-05-27', 'Darill', '2022-04-22', 'Jordan');
insert into Article (user_id, title, content, hashtag, created_at, created_by, modified_at, modified_by) values ('LMH', 'Donec posuere metus vitae ipsum.', 'Nullam porttitor lacus at turpis. Donec posuere metus vitae ipsum. Aliquam non mauris.', '#Blue', '2022-10-02', 'Chelsy', '2022-11-19', 'Rickert');
insert into Article (user_id, title, content, hashtag, created_at, created_by, modified_at, modified_by) values ('LMH', 'Suspendisse accumsan tortor quis turpis.', 'Pellentesque at nulla. Suspendisse potenti. Cras in purus eu magna vulputate luctus.', '#Indigo', '2023-01-24', 'Sandro', '2022-04-17', 'Khalil');
insert into Article (user_id, title, content, hashtag, created_at, created_by, modified_at, modified_by) values ('LMH', 'Proin interdum mauris non ligula pellentesque ultrices.', 'Lorem ipsum dolor sit amet, consectetuer adipiscing elit. Proin risus. Praesent lectus.

Vestibulum quam sapien, varius ut, blandit non, interdum in, ante. Vestibulum ante ipsum primis in faucibus orci luctus et ultrices posuere cubilia Curae; Duis faucibus accumsan odio. Curabitur convallis.', null, '2022-07-10', 'Donielle', '2022-12-24', 'Sutton');
insert into Article (user_id, title, content, hashtag, created_at, created_by, modified_at, modified_by) values ('LMH', 'Aenean fermentum.', 'In congue. Etiam justo. Etiam pretium iaculis justo.', '#Goldenrod', '2022-11-07', 'Dode', '2023-02-08', 'Carline');
insert into Article (user_id, title, content, hashtag, created_at, created_by, modified_at, modified_by) values ('LMH', 'Nulla suscipit ligula in lacus.', 'Maecenas tristique, est et tempus semper, est quam pharetra magna, ac consequat metus sapien ut nunc. Vestibulum ante ipsum primis in faucibus orci luctus et ultrices posuere cubilia Curae; Mauris viverra diam vitae quam. Suspendisse potenti.', '#Red', '2022-03-23', 'Harman', '2022-10-03', 'Flint');
insert into Article (user_id, title, content, hashtag, created_at, created_by, modified_at, modified_by) values ('LMH', 'Etiam justo.', 'Fusce posuere felis sed lacus. Morbi sem mauris, laoreet ut, rhoncus aliquet, pulvinar sed, nisl. Nunc rhoncus dui vel sem.

Sed sagittis. Nam congue, risus semper porta volutpat, quam pede lobortis ligula, sit amet eleifend pede libero quis orci. Nullam molestie nibh in lectus.', '#Purple', '2022-04-04', 'Friedrich', '2022-11-26', 'Enrika');
insert into Article (user_id, title, content, hashtag, created_at, created_by, modified_at, modified_by) values ('LMH', 'Lorem ipsum dolor sit amet, consectetuer adipiscing elit.', 'Donec diam neque, vestibulum eget, vulputate ut, ultrices vel, augue. Vestibulum ante ipsum primis in faucibus orci luctus et ultrices posuere cubilia Curae; Donec pharetra, magna vestibulum aliquet ultrices, erat tortor sollicitudin mi, sit amet lobortis sapien sapien non mi. Integer ac neque.

Duis bibendum. Morbi non quam nec dui luctus rutrum. Nulla tellus.', '#Aquamarine', '2022-11-11', 'Olly', '2022-06-05', 'Georas');
insert into Article (user_id, title, content, hashtag, created_at, created_by, modified_at, modified_by) values ('LMH', 'Morbi vel lectus in quam fringilla rhoncus.', 'Aenean fermentum. Donec ut mauris eget massa tempor convallis. Nulla neque libero, convallis eget, eleifend luctus, ultricies eu, nibh.

Quisque id justo sit amet sapien dignissim vestibulum. Vestibulum ante ipsum primis in faucibus orci luctus et ultrices posuere cubilia Curae; Nulla dapibus dolor vel est. Donec odio justo, sollicitudin ut, suscipit a, feugiat et, eros.', '#Green', '2022-05-04', 'Graeme', '2022-03-03', 'Ranna');
insert into Article (user_id, title, content, hashtag, created_at, created_by, modified_at, modified_by) values ('LMH', 'Nunc nisl.', 'Aenean fermentum. Donec ut mauris eget massa tempor convallis. Nulla neque libero, convallis eget, eleifend luctus, ultricies eu, nibh.

Quisque id justo sit amet sapien dignissim vestibulum. Vestibulum ante ipsum primis in faucibus orci luctus et ultrices posuere cubilia Curae; Nulla dapibus dolor vel est. Donec odio justo, sollicitudin ut, suscipit a, feugiat et, eros.

Vestibulum ac est lacinia nisi venenatis tristique. Fusce congue, diam id ornare imperdiet, sapien urna pretium nisl, ut volutpat sapien arcu sed augue. Aliquam erat volutpat.', '#Maroon', '2022-09-19', 'Leone', '2022-03-17', 'Penrod');
insert into Article (user_id, title, content, hashtag, created_at, created_by, modified_at, modified_by) values ('LMH', 'Nulla neque libero, convallis eget, eleifend luctus, ultricies eu, nibh.', 'Integer ac leo. Pellentesque ultrices mattis odio. Donec vitae nisi.

Nam ultrices, libero non mattis pulvinar, nulla pede ullamcorper augue, a suscipit nulla elit ac nulla. Sed vel enim sit amet nunc viverra dapibus. Nulla suscipit ligula in lacus.

Curabitur at ipsum ac tellus semper interdum. Mauris ullamcorper purus sit amet nulla. Quisque arcu libero, rutrum ac, lobortis vel, dapibus at, diam.', '#Mauv', '2022-10-08', 'Terrance', '2022-04-29', 'Willie');
insert into Article (user_id, title, content, hashtag, created_at, created_by, modified_at, modified_by) values ('LMH', 'Suspendisse potenti.', 'Morbi porttitor lorem id ligula. Suspendisse ornare consequat lectus. In est risus, auctor sed, tristique in, tempus sit amet, sem.', '#Puce', '2023-02-13', 'Leshia', '2022-11-12', 'Francklin');
insert into Article (user_id, title, content, hashtag, created_at, created_by, modified_at, modified_by) values ('LMH', 'Morbi a ipsum.', 'Nullam sit amet turpis elementum ligula vehicula consequat. Morbi a ipsum. Integer a nibh.', '#Red', '2023-01-05', 'Hedvig', '2023-01-31', 'Dorella');

--- 댓글 123개
insert into article_comment (article_id, user_id, content, created_at, modified_at, created_by, modified_by) values (1, 'LMH', 'Mauris enim leo, rhoncus sed, vestibulum sit amet, cursus id, turpis. Integer aliquet, massa id lobortis convallis, tortor risus dapibus augue, vel accumsan tellus nisi eu orci. Mauris lacinia sapien quis libero.', '2022-07-05', '2022-07-12', 'Lambis', 'Wakeman');
insert into article_comment (article_id, user_id, content, created_at, modified_at, created_by, modified_by) values (2, 'LMH', 'Praesent blandit. Nam nulla. Integer pede justo, lacinia eget, tincidunt eget, tempus vel, pede.

Morbi porttitor lorem id ligula. Suspendisse ornare consequat lectus. In est risus, auctor sed, tristique in, tempus sit amet, sem.', '2022-11-18', '2022-10-28', 'Norcross', 'de Chastelain');
insert into article_comment (article_id, user_id, content, created_at, modified_at, created_by, modified_by) values (3, 'LMH', 'Duis bibendum, felis sed interdum venenatis, turpis enim blandit mi, in porttitor pede justo eu massa. Donec dapibus. Duis at velit eu est congue elementum.

In hac habitasse platea dictumst. Morbi vestibulum, velit id pretium iaculis, diam erat fermentum justo, nec condimentum neque sapien placerat ante. Nulla justo.', '2022-06-21', '2022-06-21', 'Arnason', 'Palister');
insert into article_comment (article_id, user_id, content, created_at, modified_at, created_by, modified_by) values (4, 'LMH', 'Cras non velit nec nisi vulputate nonummy. Maecenas tincidunt lacus at velit. Vivamus vel nulla eget eros elementum pellentesque.

Quisque porta volutpat erat. Quisque erat eros, viverra eget, congue eget, semper rutrum, nulla. Nunc purus.', '2022-10-05', '2022-05-06', 'Camsey', 'Manshaw');
insert into article_comment (article_id, user_id, content, created_at, modified_at, created_by, modified_by) values (5, 'LMH', 'In quis justo. Maecenas rhoncus aliquam lacus. Morbi quis tortor id nulla ultrices aliquet.

Maecenas leo odio, condimentum id, luctus nec, molestie sed, justo. Pellentesque viverra pede ac diam. Cras pellentesque volutpat dui.', '2022-08-12', '2022-10-03', 'Chesshire', 'Lukock');
insert into article_comment (article_id, user_id, content, created_at, modified_at, created_by, modified_by) values (6, 'LMH', 'Integer ac leo. Pellentesque ultrices mattis odio. Donec vitae nisi.', '2022-04-30', '2022-06-23', 'Chaffe', 'Elbourn');
insert into article_comment (article_id, user_id, content, created_at, modified_at, created_by, modified_by) values (7, 'LMH', 'Vestibulum quam sapien, varius ut, blandit non, interdum in, ante. Vestibulum ante ipsum primis in faucibus orci luctus et ultrices posuere cubilia Curae; Duis faucibus accumsan odio. Curabitur convallis.

Duis consequat dui nec nisi volutpat eleifend. Donec ut dolor. Morbi vel lectus in quam fringilla rhoncus.', '2022-06-16', '2022-07-18', 'Ayrton', 'O''Calleran');
insert into article_comment (article_id, user_id, content, created_at, modified_at, created_by, modified_by) values (8, 'LMH', 'Maecenas ut massa quis augue luctus tincidunt. Nulla mollis molestie lorem. Quisque ut erat.

Curabitur gravida nisi at nibh. In hac habitasse platea dictumst. Aliquam augue quam, sollicitudin vitae, consectetuer eget, rutrum at, lorem.', '2022-05-01', '2022-06-30', 'Elcoat', 'Lucien');
insert into article_comment (article_id, user_id, content, created_at, modified_at, created_by, modified_by) values (9, 'LMH', 'In hac habitasse platea dictumst. Morbi vestibulum, velit id pretium iaculis, diam erat fermentum justo, nec condimentum neque sapien placerat ante. Nulla justo.

Aliquam quis turpis eget elit sodales scelerisque. Mauris sit amet eros. Suspendisse accumsan tortor quis turpis.', '2023-01-08', '2022-03-26', 'Cockaday', 'McGowan');
insert into article_comment (article_id, user_id, content, created_at, modified_at, created_by, modified_by) values (10, 'LMH', 'Integer tincidunt ante vel ipsum. Praesent blandit lacinia erat. Vestibulum sed magna at nunc commodo placerat.', '2022-03-15', '2022-02-23', 'Pockey', 'MacDwyer');
insert into article_comment (article_id, user_id, content, created_at, modified_at, created_by, modified_by) values (11, 'LMH', 'Integer ac leo. Pellentesque ultrices mattis odio. Donec vitae nisi.

Nam ultrices, libero non mattis pulvinar, nulla pede ullamcorper augue, a suscipit nulla elit ac nulla. Sed vel enim sit amet nunc viverra dapibus. Nulla suscipit ligula in lacus.', '2022-05-25', '2022-06-14', 'Pimlock', 'Pudsall');
insert into article_comment (article_id, user_id, content, created_at, modified_at, created_by, modified_by) values (12, 'LMH', 'Duis aliquam convallis nunc. Proin at turpis a pede posuere nonummy. Integer non velit.

Donec diam neque, vestibulum eget, vulputate ut, ultrices vel, augue. Vestibulum ante ipsum primis in faucibus orci luctus et ultrices posuere cubilia Curae; Donec pharetra, magna vestibulum aliquet ultrices, erat tortor sollicitudin mi, sit amet lobortis sapien sapien non mi. Integer ac neque.', '2022-05-05', '2022-10-22', 'Westwater', 'Errett');
insert into article_comment (article_id, user_id, content, created_at, modified_at, created_by, modified_by) values (13, 'LMH', 'Curabitur in libero ut massa volutpat convallis. Morbi odio odio, elementum eu, interdum eu, tincidunt in, leo. Maecenas pulvinar lobortis est.

Phasellus sit amet erat. Nulla tempus. Vivamus in felis eu sapien cursus vestibulum.', '2022-06-30', '2022-09-10', 'Bellamy', 'Braithwaite');
insert into article_comment (article_id, user_id, content, created_at, modified_at, created_by, modified_by) values (14, 'LMH', 'In hac habitasse platea dictumst. Morbi vestibulum, velit id pretium iaculis, diam erat fermentum justo, nec condimentum neque sapien placerat ante. Nulla justo.

Aliquam quis turpis eget elit sodales scelerisque. Mauris sit amet eros. Suspendisse accumsan tortor quis turpis.', '2022-04-24', '2022-06-19', 'Flight', 'Massard');
insert into article_comment (article_id, user_id, content, created_at, modified_at, created_by, modified_by) values (15, 'LMH', 'Praesent id massa id nisl venenatis lacinia. Aenean sit amet justo. Morbi ut odio.', '2022-07-05', '2022-08-18', 'Cumber', 'Durnan');
insert into article_comment (article_id, user_id, content, created_at, modified_at, created_by, modified_by) values (16, 'LMH', 'Maecenas leo odio, condimentum id, luctus nec, molestie sed, justo. Pellentesque viverra pede ac diam. Cras pellentesque volutpat dui.

Maecenas tristique, est et tempus semper, est quam pharetra magna, ac consequat metus sapien ut nunc. Vestibulum ante ipsum primis in faucibus orci luctus et ultrices posuere cubilia Curae; Mauris viverra diam vitae quam. Suspendisse potenti.', '2022-06-15', '2022-11-30', 'Dautry', 'Mazzei');
insert into article_comment (article_id, user_id, content, created_at, modified_at, created_by, modified_by) values (17, 'LMH', 'Lorem ipsum dolor sit amet, consectetuer adipiscing elit. Proin risus. Praesent lectus.', '2022-12-24', '2022-07-22', 'Tourot', 'Bayley');
insert into article_comment (article_id, user_id, content, created_at, modified_at, created_by, modified_by) values (18, 'LMH', 'Morbi non lectus. Aliquam sit amet diam in magna bibendum imperdiet. Nullam orci pede, venenatis non, sodales sed, tincidunt eu, felis.

Fusce posuere felis sed lacus. Morbi sem mauris, laoreet ut, rhoncus aliquet, pulvinar sed, nisl. Nunc rhoncus dui vel sem.', '2022-07-08', '2022-03-05', 'Gaveltone', 'Tash');
insert into article_comment (article_id, user_id, content, created_at, modified_at, created_by, modified_by) values (19, 'LMH', 'Duis bibendum. Morbi non quam nec dui luctus rutrum. Nulla tellus.', '2022-05-25', '2022-03-09', 'Dumphries', 'Abelwhite');
insert into article_comment (article_id, user_id, content, created_at, modified_at, created_by, modified_by) values (20, 'LMH', 'Etiam vel augue. Vestibulum rutrum rutrum neque. Aenean auctor gravida sem.', '2022-04-10', '2022-07-20', 'Detloff', 'Luker');
insert into article_comment (article_id, user_id, content, created_at, modified_at, created_by, modified_by) values (21, 'LMH', 'Aliquam quis turpis eget elit sodales scelerisque. Mauris sit amet eros. Suspendisse accumsan tortor quis turpis.

Sed ante. Vivamus tortor. Duis mattis egestas metus.', '2022-09-12', '2023-01-27', 'Look', 'Braizier');
insert into article_comment (article_id, user_id, content, created_at, modified_at, created_by, modified_by) values (22, 'LMH', 'Fusce posuere felis sed lacus. Morbi sem mauris, laoreet ut, rhoncus aliquet, pulvinar sed, nisl. Nunc rhoncus dui vel sem.

Sed sagittis. Nam congue, risus semper porta volutpat, quam pede lobortis ligula, sit amet eleifend pede libero quis orci. Nullam molestie nibh in lectus.', '2022-04-15', '2022-06-11', 'Gelletly', 'Laphorn');
insert into article_comment (article_id, user_id, content, created_at, modified_at, created_by, modified_by) values (23, 'LMH', 'Curabitur gravida nisi at nibh. In hac habitasse platea dictumst. Aliquam augue quam, sollicitudin vitae, consectetuer eget, rutrum at, lorem.

Integer tincidunt ante vel ipsum. Praesent blandit lacinia erat. Vestibulum sed magna at nunc commodo placerat.', '2022-08-07', '2022-04-13', 'Freke', 'Rishbrook');
insert into article_comment (article_id, user_id, content, created_at, modified_at, created_by, modified_by) values (24, 'LMH', 'Duis consequat dui nec nisi volutpat eleifend. Donec ut dolor. Morbi vel lectus in quam fringilla rhoncus.

Mauris enim leo, rhoncus sed, vestibulum sit amet, cursus id, turpis. Integer aliquet, massa id lobortis convallis, tortor risus dapibus augue, vel accumsan tellus nisi eu orci. Mauris lacinia sapien quis libero.', '2022-09-25', '2023-01-09', 'Wabb', 'Pigeram');
insert into article_comment (article_id, user_id, content, created_at, modified_at, created_by, modified_by) values (25, 'LMH', 'Cras non velit nec nisi vulputate nonummy. Maecenas tincidunt lacus at velit. Vivamus vel nulla eget eros elementum pellentesque.', '2022-04-20', '2022-09-14', 'Saich', 'Haggerstone');
insert into article_comment (article_id, user_id, content, created_at, modified_at, created_by, modified_by) values (26, 'LMH', 'Sed ante. Vivamus tortor. Duis mattis egestas metus.', '2022-06-21', '2022-03-07', 'Brendeke', 'Teffrey');
insert into article_comment (article_id, user_id, content, created_at, modified_at, created_by, modified_by) values (27, 'LMH', 'Sed sagittis. Nam congue, risus semper porta volutpat, quam pede lobortis ligula, sit amet eleifend pede libero quis orci. Nullam molestie nibh in lectus.

Pellentesque at nulla. Suspendisse potenti. Cras in purus eu magna vulputate luctus.', '2022-06-07', '2022-07-19', 'Seefeldt', 'Dalwood');
insert into article_comment (article_id, user_id, content, created_at, modified_at, created_by, modified_by) values (28, 'LMH', 'Mauris enim leo, rhoncus sed, vestibulum sit amet, cursus id, turpis. Integer aliquet, massa id lobortis convallis, tortor risus dapibus augue, vel accumsan tellus nisi eu orci. Mauris lacinia sapien quis libero.

Nullam sit amet turpis elementum ligula vehicula consequat. Morbi a ipsum. Integer a nibh.', '2022-04-05', '2023-02-12', 'Fowley', 'Baxstare');
insert into article_comment (article_id, user_id, content, created_at, modified_at, created_by, modified_by) values (29, 'LMH', 'Praesent id massa id nisl venenatis lacinia. Aenean sit amet justo. Morbi ut odio.

Cras mi pede, malesuada in, imperdiet et, commodo vulputate, justo. In blandit ultrices enim. Lorem ipsum dolor sit amet, consectetuer adipiscing elit.', '2022-04-30', '2022-03-25', 'Allans', 'Callf');
insert into article_comment (article_id, user_id, content, created_at, modified_at, created_by, modified_by) values (30, 'LMH', 'Cras mi pede, malesuada in, imperdiet et, commodo vulputate, justo. In blandit ultrices enim. Lorem ipsum dolor sit amet, consectetuer adipiscing elit.

Proin interdum mauris non ligula pellentesque ultrices. Phasellus id sapien in sapien iaculis congue. Vivamus metus arcu, adipiscing molestie, hendrerit at, vulputate vitae, nisl.', '2022-07-26', '2022-03-19', 'Saile', 'California');
insert into article_comment (article_id, user_id, content, created_at, modified_at, created_by, modified_by) values (31, 'LMH', 'Aliquam quis turpis eget elit sodales scelerisque. Mauris sit amet eros. Suspendisse accumsan tortor quis turpis.', '2022-08-21', '2022-04-09', 'Stannering', 'Watts');
insert into article_comment (article_id, user_id, content, created_at, modified_at, created_by, modified_by) values (32, 'LMH', 'Praesent blandit. Nam nulla. Integer pede justo, lacinia eget, tincidunt eget, tempus vel, pede.', '2022-10-16', '2022-06-24', 'Bignal', 'Harrington');
insert into article_comment (article_id, user_id, content, created_at, modified_at, created_by, modified_by) values (33, 'LMH', 'Quisque porta volutpat erat. Quisque erat eros, viverra eget, congue eget, semper rutrum, nulla. Nunc purus.

Phasellus in felis. Donec semper sapien a libero. Nam dui.', '2022-08-12', '2022-06-04', 'Jerrolt', 'Pindell');
insert into article_comment (article_id, user_id, content, created_at, modified_at, created_by, modified_by) values (34, 'LMH', 'Duis bibendum. Morbi non quam nec dui luctus rutrum. Nulla tellus.', '2022-07-14', '2022-06-15', 'Chasemore', 'Brion');
insert into article_comment (article_id, user_id, content, created_at, modified_at, created_by, modified_by) values (35, 'LMH', 'Aenean lectus. Pellentesque eget nunc. Donec quis orci eget orci vehicula condimentum.

Curabitur in libero ut massa volutpat convallis. Morbi odio odio, elementum eu, interdum eu, tincidunt in, leo. Maecenas pulvinar lobortis est.', '2022-10-07', '2022-12-07', 'Padfield', 'Badsey');
insert into article_comment (article_id, user_id, content, created_at, modified_at, created_by, modified_by) values (36, 'LMH', 'Duis bibendum. Morbi non quam nec dui luctus rutrum. Nulla tellus.

In sagittis dui vel nisl. Duis ac nibh. Fusce lacus purus, aliquet at, feugiat non, pretium quis, lectus.', '2022-08-27', '2022-02-27', 'Maw', 'David');
insert into article_comment (article_id, user_id, content, created_at, modified_at, created_by, modified_by) values (37, 'LMH', 'Curabitur in libero ut massa volutpat convallis. Morbi odio odio, elementum eu, interdum eu, tincidunt in, leo. Maecenas pulvinar lobortis est.', '2022-09-06', '2022-10-27', 'Bernetti', 'Schottli');
insert into article_comment (article_id, user_id, content, created_at, modified_at, created_by, modified_by) values (38, 'LMH', 'Cras mi pede, malesuada in, imperdiet et, commodo vulputate, justo. In blandit ultrices enim. Lorem ipsum dolor sit amet, consectetuer adipiscing elit.

Proin interdum mauris non ligula pellentesque ultrices. Phasellus id sapien in sapien iaculis congue. Vivamus metus arcu, adipiscing molestie, hendrerit at, vulputate vitae, nisl.', '2022-11-20', '2022-03-27', 'Eggerton', 'Grigaut');
insert into article_comment (article_id, user_id, content, created_at, modified_at, created_by, modified_by) values (39, 'LMH', 'Mauris enim leo, rhoncus sed, vestibulum sit amet, cursus id, turpis. Integer aliquet, massa id lobortis convallis, tortor risus dapibus augue, vel accumsan tellus nisi eu orci. Mauris lacinia sapien quis libero.

Nullam sit amet turpis elementum ligula vehicula consequat. Morbi a ipsum. Integer a nibh.', '2023-01-12', '2022-03-31', 'Rogers', 'Halso');
insert into article_comment (article_id, user_id, content, created_at, modified_at, created_by, modified_by) values (40, 'LMH', 'In hac habitasse platea dictumst. Morbi vestibulum, velit id pretium iaculis, diam erat fermentum justo, nec condimentum neque sapien placerat ante. Nulla justo.', '2022-12-02', '2022-06-07', 'Bolf', 'MacGilrewy');
insert into article_comment (article_id, user_id, content, created_at, modified_at, created_by, modified_by) values (41, 'LMH', 'Cras mi pede, malesuada in, imperdiet et, commodo vulputate, justo. In blandit ultrices enim. Lorem ipsum dolor sit amet, consectetuer adipiscing elit.', '2022-04-19', '2022-03-01', 'Robarts', 'Manilow');
insert into article_comment (article_id, user_id, content, created_at, modified_at, created_by, modified_by) values (42, 'LMH', 'Lorem ipsum dolor sit amet, consectetuer adipiscing elit. Proin risus. Praesent lectus.', '2022-12-02', '2023-02-07', 'Nevison', 'Pockett');
insert into article_comment (article_id, user_id, content, created_at, modified_at, created_by, modified_by) values (43, 'LMH', 'Phasellus sit amet erat. Nulla tempus. Vivamus in felis eu sapien cursus vestibulum.', '2022-10-16', '2022-03-17', 'Claworth', 'Guise');
insert into article_comment (article_id, user_id, content, created_at, modified_at, created_by, modified_by) values (44, 'LMH', 'Etiam vel augue. Vestibulum rutrum rutrum neque. Aenean auctor gravida sem.', '2022-03-19', '2022-08-24', 'O''Kerin', 'McCarrick');
insert into article_comment (article_id, user_id, content, created_at, modified_at, created_by, modified_by) values (45, 'LMH', 'Maecenas tristique, est et tempus semper, est quam pharetra magna, ac consequat metus sapien ut nunc. Vestibulum ante ipsum primis in faucibus orci luctus et ultrices posuere cubilia Curae; Mauris viverra diam vitae quam. Suspendisse potenti.', '2022-09-24', '2022-08-18', 'O'' Cuolahan', 'Rudram');
insert into article_comment (article_id, user_id, content, created_at, modified_at, created_by, modified_by) values (46, 'LMH', 'Proin eu mi. Nulla ac enim. In tempor, turpis nec euismod scelerisque, quam turpis adipiscing lorem, vitae mattis nibh ligula nec sem.

Duis aliquam convallis nunc. Proin at turpis a pede posuere nonummy. Integer non velit.', '2022-11-29', '2022-05-02', 'Grindall', 'Fromont');
insert into article_comment (article_id, user_id, content, created_at, modified_at, created_by, modified_by) values (47, 'LMH', 'Phasellus sit amet erat. Nulla tempus. Vivamus in felis eu sapien cursus vestibulum.

Proin eu mi. Nulla ac enim. In tempor, turpis nec euismod scelerisque, quam turpis adipiscing lorem, vitae mattis nibh ligula nec sem.', '2022-05-08', '2022-06-12', 'Michel', 'Sever');
insert into article_comment (article_id, user_id, content, created_at, modified_at, created_by, modified_by) values (48, 'LMH', 'Duis bibendum, felis sed interdum venenatis, turpis enim blandit mi, in porttitor pede justo eu massa. Donec dapibus. Duis at velit eu est congue elementum.', '2022-10-19', '2022-12-28', 'Standbrooke', 'Scini');
insert into article_comment (article_id, user_id, content, created_at, modified_at, created_by, modified_by) values (49, 'LMH', 'Morbi porttitor lorem id ligula. Suspendisse ornare consequat lectus. In est risus, auctor sed, tristique in, tempus sit amet, sem.

Fusce consequat. Nulla nisl. Nunc nisl.', '2022-07-07', '2022-06-10', 'Carik', 'Williamson');
insert into article_comment (article_id, user_id, content, created_at, modified_at, created_by, modified_by) values (50, 'LMH', 'Praesent blandit. Nam nulla. Integer pede justo, lacinia eget, tincidunt eget, tempus vel, pede.', '2022-04-08', '2022-08-30', 'Kuhle', 'Trees');
insert into article_comment (article_id, user_id, content, created_at, modified_at, created_by, modified_by) values (51, 'LMH', 'Sed ante. Vivamus tortor. Duis mattis egestas metus.

Aenean fermentum. Donec ut mauris eget massa tempor convallis. Nulla neque libero, convallis eget, eleifend luctus, ultricies eu, nibh.', '2022-03-07', '2023-01-07', 'Iddons', 'Sleep');
insert into article_comment (article_id, user_id, content, created_at, modified_at, created_by, modified_by) values (52, 'LMH', 'Pellentesque at nulla. Suspendisse potenti. Cras in purus eu magna vulputate luctus.', '2022-11-07', '2022-05-17', 'Seely', 'Keep');
insert into article_comment (article_id, user_id, content, created_at, modified_at, created_by, modified_by) values (53, 'LMH', 'Integer tincidunt ante vel ipsum. Praesent blandit lacinia erat. Vestibulum sed magna at nunc commodo placerat.', '2022-07-07', '2022-10-03', 'Cumming', 'Gidley');
insert into article_comment (article_id, user_id, content, created_at, modified_at, created_by, modified_by) values (54, 'LMH', 'Morbi porttitor lorem id ligula. Suspendisse ornare consequat lectus. In est risus, auctor sed, tristique in, tempus sit amet, sem.

Fusce consequat. Nulla nisl. Nunc nisl.', '2022-07-09', '2022-11-17', 'Charley', 'Pauncefoot');
insert into article_comment (article_id, user_id, content, created_at, modified_at, created_by, modified_by) values (55, 'LMH', 'Donec diam neque, vestibulum eget, vulputate ut, ultrices vel, augue. Vestibulum ante ipsum primis in faucibus orci luctus et ultrices posuere cubilia Curae; Donec pharetra, magna vestibulum aliquet ultrices, erat tortor sollicitudin mi, sit amet lobortis sapien sapien non mi. Integer ac neque.', '2022-05-25', '2022-08-16', 'Jowle', 'Cowdroy');
insert into article_comment (article_id, user_id, content, created_at, modified_at, created_by, modified_by) values (56, 'LMH', 'Maecenas leo odio, condimentum id, luctus nec, molestie sed, justo. Pellentesque viverra pede ac diam. Cras pellentesque volutpat dui.', '2022-06-24', '2022-12-29', 'Gruczka', 'Crossman');
insert into article_comment (article_id, user_id, content, created_at, modified_at, created_by, modified_by) values (57, 'LMH', 'Nam ultrices, libero non mattis pulvinar, nulla pede ullamcorper augue, a suscipit nulla elit ac nulla. Sed vel enim sit amet nunc viverra dapibus. Nulla suscipit ligula in lacus.

Curabitur at ipsum ac tellus semper interdum. Mauris ullamcorper purus sit amet nulla. Quisque arcu libero, rutrum ac, lobortis vel, dapibus at, diam.', '2022-09-18', '2022-10-26', 'Geharke', 'Landre');
insert into article_comment (article_id, user_id, content, created_at, modified_at, created_by, modified_by) values (58, 'LMH', 'Sed ante. Vivamus tortor. Duis mattis egestas metus.', '2022-04-17', '2022-11-04', 'Ridd', 'Deville');
insert into article_comment (article_id, user_id, content, created_at, modified_at, created_by, modified_by) values (59, 'LMH', 'Duis consequat dui nec nisi volutpat eleifend. Donec ut dolor. Morbi vel lectus in quam fringilla rhoncus.

Mauris enim leo, rhoncus sed, vestibulum sit amet, cursus id, turpis. Integer aliquet, massa id lobortis convallis, tortor risus dapibus augue, vel accumsan tellus nisi eu orci. Mauris lacinia sapien quis libero.', '2022-08-11', '2022-08-02', 'Falshaw', 'Batchelar');
insert into article_comment (article_id, user_id, content, created_at, modified_at, created_by, modified_by) values (60, 'LMH', 'Integer ac leo. Pellentesque ultrices mattis odio. Donec vitae nisi.

Nam ultrices, libero non mattis pulvinar, nulla pede ullamcorper augue, a suscipit nulla elit ac nulla. Sed vel enim sit amet nunc viverra dapibus. Nulla suscipit ligula in lacus.', '2022-07-27', '2023-01-03', 'Kerfoot', 'Bereford');
insert into article_comment (article_id, user_id, content, created_at, modified_at, created_by, modified_by) values (61, 'LMH', 'Nulla ut erat id mauris vulputate elementum. Nullam varius. Nulla facilisi.', '2022-08-22', '2022-06-07', 'Longbottom', 'Shiell');
insert into article_comment (article_id, user_id, content, created_at, modified_at, created_by, modified_by) values (62, 'LMH', 'Curabitur in libero ut massa volutpat convallis. Morbi odio odio, elementum eu, interdum eu, tincidunt in, leo. Maecenas pulvinar lobortis est.', '2022-11-28', '2022-09-10', 'Gilfoy', 'Lukianov');
insert into article_comment (article_id, user_id, content, created_at, modified_at, created_by, modified_by) values (63, 'LMH', 'Aenean fermentum. Donec ut mauris eget massa tempor convallis. Nulla neque libero, convallis eget, eleifend luctus, ultricies eu, nibh.

Quisque id justo sit amet sapien dignissim vestibulum. Vestibulum ante ipsum primis in faucibus orci luctus et ultrices posuere cubilia Curae; Nulla dapibus dolor vel est. Donec odio justo, sollicitudin ut, suscipit a, feugiat et, eros.', '2022-08-13', '2022-09-20', 'Dybell', 'Hatchette');
insert into article_comment (article_id, user_id, content, created_at, modified_at, created_by, modified_by) values (64, 'LMH', 'Fusce posuere felis sed lacus. Morbi sem mauris, laoreet ut, rhoncus aliquet, pulvinar sed, nisl. Nunc rhoncus dui vel sem.', '2022-03-04', '2022-08-21', 'Hennemann', 'Ludgate');
insert into article_comment (article_id, user_id, content, created_at, modified_at, created_by, modified_by) values (65, 'LMH', 'In congue. Etiam justo. Etiam pretium iaculis justo.

In hac habitasse platea dictumst. Etiam faucibus cursus urna. Ut tellus.', '2022-04-21', '2022-10-13', 'Wikey', 'Laphorn');
insert into article_comment (article_id, user_id, content, created_at, modified_at, created_by, modified_by) values (66, 'LMH', 'Morbi porttitor lorem id ligula. Suspendisse ornare consequat lectus. In est risus, auctor sed, tristique in, tempus sit amet, sem.

Fusce consequat. Nulla nisl. Nunc nisl.', '2022-04-12', '2022-08-11', 'Leuty', 'Brownjohn');
insert into article_comment (article_id, user_id, content, created_at, modified_at, created_by, modified_by) values (67, 'LMH', 'Cras mi pede, malesuada in, imperdiet et, commodo vulputate, justo. In blandit ultrices enim. Lorem ipsum dolor sit amet, consectetuer adipiscing elit.

Proin interdum mauris non ligula pellentesque ultrices. Phasellus id sapien in sapien iaculis congue. Vivamus metus arcu, adipiscing molestie, hendrerit at, vulputate vitae, nisl.', '2022-12-13', '2022-10-27', 'Jiri', 'McGeffen');
insert into article_comment (article_id, user_id, content, created_at, modified_at, created_by, modified_by) values (68, 'LMH', 'Nam ultrices, libero non mattis pulvinar, nulla pede ullamcorper augue, a suscipit nulla elit ac nulla. Sed vel enim sit amet nunc viverra dapibus. Nulla suscipit ligula in lacus.

Curabitur at ipsum ac tellus semper interdum. Mauris ullamcorper purus sit amet nulla. Quisque arcu libero, rutrum ac, lobortis vel, dapibus at, diam.', '2022-08-02', '2022-06-17', 'Murcutt', 'Carslake');
insert into article_comment (article_id, user_id, content, created_at, modified_at, created_by, modified_by) values (69, 'LMH', 'Fusce posuere felis sed lacus. Morbi sem mauris, laoreet ut, rhoncus aliquet, pulvinar sed, nisl. Nunc rhoncus dui vel sem.', '2022-11-02', '2022-10-20', 'Entreis', 'Cram');
insert into article_comment (article_id, user_id, content, created_at, modified_at, created_by, modified_by) values (70, 'LMH', 'Sed ante. Vivamus tortor. Duis mattis egestas metus.

Aenean fermentum. Donec ut mauris eget massa tempor convallis. Nulla neque libero, convallis eget, eleifend luctus, ultricies eu, nibh.', '2023-01-15', '2022-07-24', 'Crockford', 'Heynel');
insert into article_comment (article_id, user_id, content, created_at, modified_at, created_by, modified_by) values (71, 'LMH', 'Cras mi pede, malesuada in, imperdiet et, commodo vulputate, justo. In blandit ultrices enim. Lorem ipsum dolor sit amet, consectetuer adipiscing elit.

Proin interdum mauris non ligula pellentesque ultrices. Phasellus id sapien in sapien iaculis congue. Vivamus metus arcu, adipiscing molestie, hendrerit at, vulputate vitae, nisl.', '2022-07-21', '2022-07-03', 'Labram', 'Staden');
insert into article_comment (article_id, user_id, content, created_at, modified_at, created_by, modified_by) values (72, 'LMH', 'Nam ultrices, libero non mattis pulvinar, nulla pede ullamcorper augue, a suscipit nulla elit ac nulla. Sed vel enim sit amet nunc viverra dapibus. Nulla suscipit ligula in lacus.

Curabitur at ipsum ac tellus semper interdum. Mauris ullamcorper purus sit amet nulla. Quisque arcu libero, rutrum ac, lobortis vel, dapibus at, diam.', '2022-03-06', '2022-06-17', 'Rockwill', 'Gonnard');
insert into article_comment (article_id, user_id, content, created_at, modified_at, created_by, modified_by) values (73, 'LMH', 'Vestibulum quam sapien, varius ut, blandit non, interdum in, ante. Vestibulum ante ipsum primis in faucibus orci luctus et ultrices posuere cubilia Curae; Duis faucibus accumsan odio. Curabitur convallis.

Duis consequat dui nec nisi volutpat eleifend. Donec ut dolor. Morbi vel lectus in quam fringilla rhoncus.', '2022-06-04', '2022-09-08', 'Bagwell', 'Muckle');
insert into article_comment (article_id, user_id, content, created_at, modified_at, created_by, modified_by) values (74, 'LMH', 'Phasellus in felis. Donec semper sapien a libero. Nam dui.', '2022-06-01', '2022-11-21', 'Basden', 'Linford');
insert into article_comment (article_id, user_id, content, created_at, modified_at, created_by, modified_by) values (75, 'LMH', 'Nullam porttitor lacus at turpis. Donec posuere metus vitae ipsum. Aliquam non mauris.

Morbi non lectus. Aliquam sit amet diam in magna bibendum imperdiet. Nullam orci pede, venenatis non, sodales sed, tincidunt eu, felis.', '2022-05-21', '2023-01-11', 'Waith', 'Menichini');
insert into article_comment (article_id, user_id, content, created_at, modified_at, created_by, modified_by) values (76, 'LMH', 'Proin eu mi. Nulla ac enim. In tempor, turpis nec euismod scelerisque, quam turpis adipiscing lorem, vitae mattis nibh ligula nec sem.

Duis aliquam convallis nunc. Proin at turpis a pede posuere nonummy. Integer non velit.', '2022-10-05', '2022-09-12', 'Ditchett', 'MacArthur');
insert into article_comment (article_id, user_id, content, created_at, modified_at, created_by, modified_by) values (77, 'LMH', 'In congue. Etiam justo. Etiam pretium iaculis justo.', '2022-12-09', '2022-09-19', 'Cowap', 'Happert');
insert into article_comment (article_id, user_id, content, created_at, modified_at, created_by, modified_by) values (78, 'LMH', 'Aliquam quis turpis eget elit sodales scelerisque. Mauris sit amet eros. Suspendisse accumsan tortor quis turpis.

Sed ante. Vivamus tortor. Duis mattis egestas metus.', '2023-01-26', '2023-02-16', 'Styles', 'Friel');
insert into article_comment (article_id, user_id, content, created_at, modified_at, created_by, modified_by) values (79, 'LMH', 'Vestibulum quam sapien, varius ut, blandit non, interdum in, ante. Vestibulum ante ipsum primis in faucibus orci luctus et ultrices posuere cubilia Curae; Duis faucibus accumsan odio. Curabitur convallis.

Duis consequat dui nec nisi volutpat eleifend. Donec ut dolor. Morbi vel lectus in quam fringilla rhoncus.', '2022-09-24', '2022-08-10', 'Corsan', 'Bulch');
insert into article_comment (article_id, user_id, content, created_at, modified_at, created_by, modified_by) values (80, 'LMH', 'Sed ante. Vivamus tortor. Duis mattis egestas metus.

Aenean fermentum. Donec ut mauris eget massa tempor convallis. Nulla neque libero, convallis eget, eleifend luctus, ultricies eu, nibh.', '2022-09-03', '2022-09-22', 'Allmond', 'Dozdill');
insert into article_comment (article_id, user_id, content, created_at, modified_at, created_by, modified_by) values (81, 'LMH', 'Mauris enim leo, rhoncus sed, vestibulum sit amet, cursus id, turpis. Integer aliquet, massa id lobortis convallis, tortor risus dapibus augue, vel accumsan tellus nisi eu orci. Mauris lacinia sapien quis libero.', '2022-08-20', '2022-04-23', 'Birdwhistell', 'Fost');
insert into article_comment (article_id, user_id, content, created_at, modified_at, created_by, modified_by) values (82, 'LMH', 'Sed sagittis. Nam congue, risus semper porta volutpat, quam pede lobortis ligula, sit amet eleifend pede libero quis orci. Nullam molestie nibh in lectus.

Pellentesque at nulla. Suspendisse potenti. Cras in purus eu magna vulputate luctus.', '2022-08-13', '2022-07-22', 'Littefair', 'Rowbottom');
insert into article_comment (article_id, user_id, content, created_at, modified_at, created_by, modified_by) values (83, 'LMH', 'Lorem ipsum dolor sit amet, consectetuer adipiscing elit. Proin risus. Praesent lectus.', '2022-12-03', '2022-07-28', 'Pittem', 'Paik');
insert into article_comment (article_id, user_id, content, created_at, modified_at, created_by, modified_by) values (84, 'LMH', 'In hac habitasse platea dictumst. Morbi vestibulum, velit id pretium iaculis, diam erat fermentum justo, nec condimentum neque sapien placerat ante. Nulla justo.', '2022-04-06', '2023-01-09', 'Betonia', 'Enos');
insert into article_comment (article_id, user_id, content, created_at, modified_at, created_by, modified_by) values (85, 'LMH', 'Vestibulum ac est lacinia nisi venenatis tristique. Fusce congue, diam id ornare imperdiet, sapien urna pretium nisl, ut volutpat sapien arcu sed augue. Aliquam erat volutpat.', '2022-12-28', '2022-05-27', 'Dorsett', 'MacGrath');
insert into article_comment (article_id, user_id, content, created_at, modified_at, created_by, modified_by) values (86, 'LMH', 'Duis bibendum, felis sed interdum venenatis, turpis enim blandit mi, in porttitor pede justo eu massa. Donec dapibus. Duis at velit eu est congue elementum.', '2022-03-14', '2022-11-23', 'Broster', 'Campbell');
insert into article_comment (article_id, user_id, content, created_at, modified_at, created_by, modified_by) values (87, 'LMH', 'Cras mi pede, malesuada in, imperdiet et, commodo vulputate, justo. In blandit ultrices enim. Lorem ipsum dolor sit amet, consectetuer adipiscing elit.', '2022-07-25', '2022-04-23', 'Cowin', 'Quarrie');
insert into article_comment (article_id, user_id, content, created_at, modified_at, created_by, modified_by) values (88, 'LMH', 'In hac habitasse platea dictumst. Etiam faucibus cursus urna. Ut tellus.', '2022-08-25', '2022-05-28', 'Denkel', 'Morford');
insert into article_comment (article_id, user_id, content, created_at, modified_at, created_by, modified_by) values (89, 'LMH', 'Maecenas ut massa quis augue luctus tincidunt. Nulla mollis molestie lorem. Quisque ut erat.

Curabitur gravida nisi at nibh. In hac habitasse platea dictumst. Aliquam augue quam, sollicitudin vitae, consectetuer eget, rutrum at, lorem.', '2022-11-16', '2022-05-24', 'Hargrove', 'Brusin');
insert into article_comment (article_id, user_id, content, created_at, modified_at, created_by, modified_by) values (90, 'LMH', 'Aliquam quis turpis eget elit sodales scelerisque. Mauris sit amet eros. Suspendisse accumsan tortor quis turpis.', '2023-01-23', '2022-12-14', 'Gryglewski', 'Lauchlan');
insert into article_comment (article_id, user_id, content, created_at, modified_at, created_by, modified_by) values (91, 'LMH', 'Vestibulum ac est lacinia nisi venenatis tristique. Fusce congue, diam id ornare imperdiet, sapien urna pretium nisl, ut volutpat sapien arcu sed augue. Aliquam erat volutpat.', '2022-06-02', '2022-10-14', 'Thorouggood', 'Harron');
insert into article_comment (article_id, user_id, content, created_at, modified_at, created_by, modified_by) values (92, 'LMH', 'In congue. Etiam justo. Etiam pretium iaculis justo.

In hac habitasse platea dictumst. Etiam faucibus cursus urna. Ut tellus.', '2022-05-06', '2022-03-21', 'Yellowlees', 'Liddington');
insert into article_comment (article_id, user_id, content, created_at, modified_at, created_by, modified_by) values (93, 'LMH', 'Quisque porta volutpat erat. Quisque erat eros, viverra eget, congue eget, semper rutrum, nulla. Nunc purus.', '2022-04-11', '2023-02-07', 'MacLardie', 'Carson');
insert into article_comment (article_id, user_id, content, created_at, modified_at, created_by, modified_by) values (94, 'LMH', 'Duis bibendum. Morbi non quam nec dui luctus rutrum. Nulla tellus.', '2023-01-07', '2022-12-23', 'Bodd', 'Applebee');
insert into article_comment (article_id, user_id, content, created_at, modified_at, created_by, modified_by) values (95, 'LMH', 'Nulla ut erat id mauris vulputate elementum. Nullam varius. Nulla facilisi.', '2022-12-30', '2022-12-22', 'Dionsetto', 'Jime');
insert into article_comment (article_id, user_id, content, created_at, modified_at, created_by, modified_by) values (96, 'LMH', 'In hac habitasse platea dictumst. Morbi vestibulum, velit id pretium iaculis, diam erat fermentum justo, nec condimentum neque sapien placerat ante. Nulla justo.

Aliquam quis turpis eget elit sodales scelerisque. Mauris sit amet eros. Suspendisse accumsan tortor quis turpis.', '2022-08-15', '2022-04-22', 'Dudding', 'Stooke');
insert into article_comment (article_id, user_id, content, created_at, modified_at, created_by, modified_by) values (97, 'LMH', 'Morbi porttitor lorem id ligula. Suspendisse ornare consequat lectus. In est risus, auctor sed, tristique in, tempus sit amet, sem.

Fusce consequat. Nulla nisl. Nunc nisl.', '2023-01-03', '2023-01-04', 'Tyers', 'Pappi');
insert into article_comment (article_id, user_id, content, created_at, modified_at, created_by, modified_by) values (98, 'LMH', 'Quisque id justo sit amet sapien dignissim vestibulum. Vestibulum ante ipsum primis in faucibus orci luctus et ultrices posuere cubilia Curae; Nulla dapibus dolor vel est. Donec odio justo, sollicitudin ut, suscipit a, feugiat et, eros.', '2022-11-13', '2022-06-29', 'Ratnege', 'Spincke');
insert into article_comment (article_id, user_id, content, created_at, modified_at, created_by, modified_by) values (99, 'LMH', 'Pellentesque at nulla. Suspendisse potenti. Cras in purus eu magna vulputate luctus.

Cum sociis natoque penatibus et magnis dis parturient montes, nascetur ridiculus mus. Vivamus vestibulum sagittis sapien. Cum sociis natoque penatibus et magnis dis parturient montes, nascetur ridiculus mus.', '2023-01-03', '2022-09-25', 'Moralis', 'Twopenny');
insert into article_comment (article_id, user_id, content, created_at, modified_at, created_by, modified_by) values (100, 'LMH', 'In hac habitasse platea dictumst. Etiam faucibus cursus urna. Ut tellus.', '2022-08-29', '2022-04-30', 'Burberow', 'Nizard');
insert into article_comment (article_id, user_id, content, created_at, modified_at, created_by, modified_by) values (101, 'LMH', 'Duis bibendum. Morbi non quam nec dui luctus rutrum. Nulla tellus.', '2022-03-05', '2022-09-15', 'Dorber', 'Graalmans');
insert into article_comment (article_id, user_id, content, created_at, modified_at, created_by, modified_by) values (102, 'LMH', 'Praesent blandit. Nam nulla. Integer pede justo, lacinia eget, tincidunt eget, tempus vel, pede.

Morbi porttitor lorem id ligula. Suspendisse ornare consequat lectus. In est risus, auctor sed, tristique in, tempus sit amet, sem.', '2022-06-10', '2022-09-25', 'Hosby', 'Praill');
insert into article_comment (article_id, user_id, content, created_at, modified_at, created_by, modified_by) values (103, 'LMH', 'Proin interdum mauris non ligula pellentesque ultrices. Phasellus id sapien in sapien iaculis congue. Vivamus metus arcu, adipiscing molestie, hendrerit at, vulputate vitae, nisl.

Aenean lectus. Pellentesque eget nunc. Donec quis orci eget orci vehicula condimentum.', '2023-01-19', '2022-10-01', 'Eadington', 'Iacobacci');
insert into article_comment (article_id, user_id, content, created_at, modified_at, created_by, modified_by) values (104, 'LMH', 'Integer ac leo. Pellentesque ultrices mattis odio. Donec vitae nisi.', '2022-03-04', '2022-03-11', 'Lougheed', 'Blackmuir');
insert into article_comment (article_id, user_id, content, created_at, modified_at, created_by, modified_by) values (105, 'LMH', 'Cras non velit nec nisi vulputate nonummy. Maecenas tincidunt lacus at velit. Vivamus vel nulla eget eros elementum pellentesque.

Quisque porta volutpat erat. Quisque erat eros, viverra eget, congue eget, semper rutrum, nulla. Nunc purus.', '2023-02-16', '2022-04-04', 'Jeggo', 'Waylen');
insert into article_comment (article_id, user_id, content, created_at, modified_at, created_by, modified_by) values (106, 'LMH', 'Integer ac leo. Pellentesque ultrices mattis odio. Donec vitae nisi.

Nam ultrices, libero non mattis pulvinar, nulla pede ullamcorper augue, a suscipit nulla elit ac nulla. Sed vel enim sit amet nunc viverra dapibus. Nulla suscipit ligula in lacus.', '2022-05-25', '2022-08-11', 'de Leon', 'Prattin');
insert into article_comment (article_id, user_id, content, created_at, modified_at, created_by, modified_by) values (107, 'LMH', 'Fusce posuere felis sed lacus. Morbi sem mauris, laoreet ut, rhoncus aliquet, pulvinar sed, nisl. Nunc rhoncus dui vel sem.', '2022-04-04', '2022-08-07', 'Sonnenschein', 'Fetherston');
insert into article_comment (article_id, user_id, content, created_at, modified_at, created_by, modified_by) values (108, 'LMH', 'Pellentesque at nulla. Suspendisse potenti. Cras in purus eu magna vulputate luctus.

Cum sociis natoque penatibus et magnis dis parturient montes, nascetur ridiculus mus. Vivamus vestibulum sagittis sapien. Cum sociis natoque penatibus et magnis dis parturient montes, nascetur ridiculus mus.', '2022-10-11', '2022-11-05', 'Bambury', 'Swift');
insert into article_comment (article_id, user_id, content, created_at, modified_at, created_by, modified_by) values (109, 'LMH', 'Duis bibendum, felis sed interdum venenatis, turpis enim blandit mi, in porttitor pede justo eu massa. Donec dapibus. Duis at velit eu est congue elementum.

In hac habitasse platea dictumst. Morbi vestibulum, velit id pretium iaculis, diam erat fermentum justo, nec condimentum neque sapien placerat ante. Nulla justo.', '2022-06-28', '2022-07-15', 'Gajewski', 'Diggons');
insert into article_comment (article_id, user_id, content, created_at, modified_at, created_by, modified_by) values (110, 'LMH', 'Duis aliquam convallis nunc. Proin at turpis a pede posuere nonummy. Integer non velit.', '2022-04-27', '2023-02-01', 'McGinny', 'Spreag');
insert into article_comment (article_id, user_id, content, created_at, modified_at, created_by, modified_by) values (111, 'LMH', 'Proin leo odio, porttitor id, consequat in, consequat ut, nulla. Sed accumsan felis. Ut at dolor quis odio consequat varius.', '2022-12-05', '2022-07-13', 'Schnieder', 'Fulloway');
insert into article_comment (article_id, user_id, content, created_at, modified_at, created_by, modified_by) values (112, 'LMH', 'Morbi porttitor lorem id ligula. Suspendisse ornare consequat lectus. In est risus, auctor sed, tristique in, tempus sit amet, sem.', '2022-02-18', '2022-05-11', 'Venables', 'McGiffin');
insert into article_comment (article_id, user_id, content, created_at, modified_at, created_by, modified_by) values (113, 'LMH', 'Curabitur gravida nisi at nibh. In hac habitasse platea dictumst. Aliquam augue quam, sollicitudin vitae, consectetuer eget, rutrum at, lorem.

Integer tincidunt ante vel ipsum. Praesent blandit lacinia erat. Vestibulum sed magna at nunc commodo placerat.', '2023-01-18', '2022-08-31', 'Mugridge', 'Scales');
insert into article_comment (article_id, user_id, content, created_at, modified_at, created_by, modified_by) values (114, 'LMH', 'Mauris enim leo, rhoncus sed, vestibulum sit amet, cursus id, turpis. Integer aliquet, massa id lobortis convallis, tortor risus dapibus augue, vel accumsan tellus nisi eu orci. Mauris lacinia sapien quis libero.

Nullam sit amet turpis elementum ligula vehicula consequat. Morbi a ipsum. Integer a nibh.', '2023-02-16', '2022-06-19', 'Boeck', 'Harnott');
insert into article_comment (article_id, user_id, content, created_at, modified_at, created_by, modified_by) values (115, 'LMH', 'Suspendisse potenti. In eleifend quam a odio. In hac habitasse platea dictumst.', '2023-02-02', '2022-10-14', 'Swayland', 'Keson');
insert into article_comment (article_id, user_id, content, created_at, modified_at, created_by, modified_by) values (116, 'LMH', 'Integer ac leo. Pellentesque ultrices mattis odio. Donec vitae nisi.

Nam ultrices, libero non mattis pulvinar, nulla pede ullamcorper augue, a suscipit nulla elit ac nulla. Sed vel enim sit amet nunc viverra dapibus. Nulla suscipit ligula in lacus.', '2023-01-31', '2022-09-05', 'Astbery', 'Mounfield');
insert into article_comment (article_id, user_id, content, created_at, modified_at, created_by, modified_by) values (117, 'LMH', 'Morbi non lectus. Aliquam sit amet diam in magna bibendum imperdiet. Nullam orci pede, venenatis non, sodales sed, tincidunt eu, felis.

Fusce posuere felis sed lacus. Morbi sem mauris, laoreet ut, rhoncus aliquet, pulvinar sed, nisl. Nunc rhoncus dui vel sem.', '2022-09-22', '2022-09-16', 'Conisbee', 'Jerrome');
insert into article_comment (article_id, user_id, content, created_at, modified_at, created_by, modified_by) values (118, 'LMH', 'Integer ac leo. Pellentesque ultrices mattis odio. Donec vitae nisi.

Nam ultrices, libero non mattis pulvinar, nulla pede ullamcorper augue, a suscipit nulla elit ac nulla. Sed vel enim sit amet nunc viverra dapibus. Nulla suscipit ligula in lacus.', '2022-09-19', '2022-06-02', 'Sondland', 'Saltern');
insert into article_comment (article_id, user_id, content, created_at, modified_at, created_by, modified_by) values (119, 'LMH', 'Duis bibendum. Morbi non quam nec dui luctus rutrum. Nulla tellus.

In sagittis dui vel nisl. Duis ac nibh. Fusce lacus purus, aliquet at, feugiat non, pretium quis, lectus.', '2022-05-03', '2022-04-16', 'Fiddyment', 'Gooderidge');
insert into article_comment (article_id, user_id, content, created_at, modified_at, created_by, modified_by) values (120, 'LMH', 'Etiam vel augue. Vestibulum rutrum rutrum neque. Aenean auctor gravida sem.', '2022-06-04', '2022-12-22', 'Lawful', 'Webster');
insert into article_comment (article_id, user_id, content, created_at, modified_at, created_by, modified_by) values (121, 'LMH', 'Proin eu mi. Nulla ac enim. In tempor, turpis nec euismod scelerisque, quam turpis adipiscing lorem, vitae mattis nibh ligula nec sem.', '2023-01-06', '2023-01-30', 'Stickley', 'Lambol');
insert into article_comment (article_id, user_id, content, created_at, modified_at, created_by, modified_by) values (122, 'LMH', 'Morbi porttitor lorem id ligula. Suspendisse ornare consequat lectus. In est risus, auctor sed, tristique in, tempus sit amet, sem.

Fusce consequat. Nulla nisl. Nunc nisl.', '2022-10-23', '2023-02-15', 'Mozzini', 'Iggo');
insert into article_comment (article_id, user_id, content, created_at, modified_at, created_by, modified_by) values (123, 'LMH', 'Sed sagittis. Nam congue, risus semper porta volutpat, quam pede lobortis ligula, sit amet eleifend pede libero quis orci. Nullam molestie nibh in lectus.

Pellentesque at nulla. Suspendisse potenti. Cras in purus eu magna vulputate luctus.', '2022-04-25', '2022-10-27', 'Dobell', 'MacInherney');
